-- phpMyAdmin SQL Dump
-- version 5.1.0
-- https://www.phpmyadmin.net/
--
-- Host: 127.0.0.1
-- Generation Time: May 22, 2021 at 02:43 PM
-- Server version: 10.4.19-MariaDB
-- PHP Version: 8.0.6

SET SQL_MODE = "NO_AUTO_VALUE_ON_ZERO";
START TRANSACTION;
SET time_zone = "+00:00";


/*!40101 SET @OLD_CHARACTER_SET_CLIENT=@@CHARACTER_SET_CLIENT */;
/*!40101 SET @OLD_CHARACTER_SET_RESULTS=@@CHARACTER_SET_RESULTS */;
/*!40101 SET @OLD_COLLATION_CONNECTION=@@COLLATION_CONNECTION */;
/*!40101 SET NAMES utf8mb4 */;

--
-- Database: `practicedb`
--

-- --------------------------------------------------------

--
-- Table structure for table `assessment`
--

CREATE TABLE `assessment` (
  `assessment_id` int(11) NOT NULL,
  `section_name` varchar(50) NOT NULL,
  `assessment_plan` longblob DEFAULT NULL,
  `question_bank` longblob DEFAULT NULL,
  `marks_obtained` longblob DEFAULT NULL,
  `course_outline` longblob NOT NULL
) ENGINE=InnoDB DEFAULT CHARSET=utf8mb4;

--
-- Dumping data for table `assessment`
--

INSERT INTO `assessment` (`assessment_id`, `section_name`, `assessment_plan`, `question_bank`, `marks_obtained`, `course_outline`) VALUES
(5, 'CSE101-SEC2-SUM-2021', NULL, NULL, NULL, ''),
(6, 'CSE101L-SEC2-SUM-2021', NULL, NULL, NULL, ''),
(7, 'CSE303-SEC1-SUM-2021', NULL, NULL, NULL, ''),
(8, 'CSE303L-SEC1-SUM-2021', NULL, NULL, NULL, '');

-- --------------------------------------------------------

--
-- Table structure for table `course`
--

CREATE TABLE `course` (
  `course_id` varchar(10) NOT NULL,
  `course_name` varchar(50) NOT NULL,
  `no_of_credits` int(1) NOT NULL,
  `program_id` varchar(4) NOT NULL
) ENGINE=InnoDB DEFAULT CHARSET=utf8mb4;

--
-- Dumping data for table `course`
--

INSERT INTO `course` (`course_id`, `course_name`, `no_of_credits`, `program_id`) VALUES
('CSE101', 'Introduction to c++', 3, 'CSE'),
('CSE214', 'Computer Organization and Architecture', 3, 'CSE'),
('CSE303', 'Database Management ', 3, 'CSE'),
('CSE316', 'Data Communication and Computer Networks', 3, 'CSE');

-- --------------------------------------------------------

--
-- Table structure for table `dept`
--

CREATE TABLE `dept` (
  `dept_id` int(7) NOT NULL,
  `dept_name` varchar(20) NOT NULL,
  `dept_head_id` int(11) NOT NULL,
  `dept_head_name` varchar(50) NOT NULL,
  `password` varchar(20) NOT NULL,
  `dept_head_email` varchar(50) NOT NULL
) ENGINE=InnoDB DEFAULT CHARSET=utf8mb4;

--
-- Dumping data for table `dept`
--

INSERT INTO `dept` (`dept_id`, `dept_name`, `dept_head_id`, `dept_head_name`, `password`, `dept_head_email`) VALUES
(2850, 'CSE', 4258, 'Dr. Mahady Hasan', '12345', 'mahady@iub.edu.bd'),
(2485, 'PS', 4325, '', '', ''),
(2395, 'EEE', 4573, '', '', '');

-- --------------------------------------------------------

--
-- Table structure for table `faculty`
--

CREATE TABLE `faculty` (
  `id` int(11) NOT NULL,
  `password` varchar(20) NOT NULL,
  `f_name` varchar(11) NOT NULL,
  `l_name` varchar(11) NOT NULL,
  `dob` date NOT NULL,
  `b_group` varchar(11) NOT NULL,
  `email` varchar(20) NOT NULL,
  `address` varchar(50) NOT NULL
) ENGINE=InnoDB DEFAULT CHARSET=utf8mb4;

--
-- Dumping data for table `faculty`
--

INSERT INTO `faculty` (`id`, `password`, `f_name`, `l_name`, `dob`, `b_group`, `email`, `address`) VALUES
(4255, '19870205', 'Romasa', 'Qasim', '1987-02-05', 'O+', 'romasa@iub.edu.bd', 'Gulashan Dhaka - 1212'),
(4256, '19800205', 'Abu', 'Sayed', '1980-02-05', 'AB+', 'abusayed@iub.edu.bd', 'Green Road Dhaka - 1205'),
(4315, '19850305', 'Javed', 'Hossain', '1985-03-05', 'O+', 'javed@iub.edu.bd', 'Baridhara Dhaka - 1210');

-- --------------------------------------------------------

--
-- Table structure for table `grade_sheet`
--

CREATE TABLE `grade_sheet` (
  `cssyID` varchar(30) NOT NULL,
  `section_name` varchar(255) NOT NULL,
  `serial_id` int(11) NOT NULL,
  `id` int(11) DEFAULT NULL,
  `quiz` float DEFAULT NULL,
  `mid` float DEFAULT NULL,
  `final` float DEFAULT NULL,
  `attendance` float DEFAULT NULL,
  `project` float DEFAULT NULL,
  `assignment` float DEFAULT NULL,
  `total_marks` float NOT NULL,
  `grade` varchar(3) NOT NULL,
  `CLO1` varchar(3) DEFAULT NULL,
  `CLO2` varchar(3) DEFAULT NULL,
  `CLO3` varchar(3) DEFAULT NULL,
  `CLO4` varchar(3) DEFAULT NULL,
  `CLO5` varchar(3) DEFAULT NULL,
  `CLO6` varchar(3) DEFAULT NULL
) ENGINE=InnoDB DEFAULT CHARSET=utf8mb4;

--
-- Dumping data for table `grade_sheet`
--

INSERT INTO `grade_sheet` (`cssyID`, `section_name`, `serial_id`, `id`, `quiz`, `mid`, `final`, `attendance`, `project`, `assignment`, `total_marks`, `grade`, `CLO1`, `CLO2`, `CLO3`, `CLO4`, `CLO5`, `CLO6`) VALUES
('CSE-303-SEC1-AUM-2020-1711619', 'CSE-303-SEC1-AUM-2020', 44, 1711619, 0, 21, 27.2, 7, 0, 0, 0, 'B', 'Y', 'N', 'Y', 'Y', 'N', 'Y'),
('CSE-303-SEC1-AUM-2020-1711729', 'CSE-303-SEC1-AUM-2020', 44, 1711729, 0, 4.6, 14.4, 5, 0, 0, 0, 'B', 'N', 'N', 'N', 'N', 'N', 'N'),
('CSE-303-SEC1-AUM-2020-1762565', 'CSE-303-SEC1-AUM-2020', 44, 1762565, 0, 12.8, 20, 5, 0, 0, 0, 'B', 'Y', 'N', 'N', 'Y', 'N', 'N'),
('CSE-303-SEC1-AUM-2020-1773384', 'CSE-303-SEC1-AUM-2020', 44, 1773384, 0, 6, 12.4, 6, 0, 0, 0, 'B', 'N', 'N', 'N', 'N', 'N', 'N'),
('CSE-303-SEC1-AUM-2020-1789481', 'CSE-303-SEC1-AUM-2020', 44, 1789481, 0, 17.4, 17.2, 5, 0, 0, 0, 'B', 'Y', 'Y', 'N', 'Y', 'Y', 'N'),
('CSE-303-SEC1-AUM-2020-1834433', 'CSE-303-SEC1-AUM-2020', 44, 1834433, 0, 12.4, 17.6, 7, 0, 0, 0, 'B', 'Y', 'N', 'N', 'Y', 'N', 'N'),
('CSE-303-SEC1-AUM-2020-1835298', 'CSE-303-SEC1-AUM-2020', 44, 1835298, 0, 9.4, 22.4, 8, 0, 0, 0, 'B', 'Y', 'N', 'N', 'Y', 'N', 'N'),
('CSE-303-SEC1-AUM-2020-1835874', 'CSE-303-SEC1-AUM-2020', 44, 1835874, 0, 7, 23.6, 6, 0, 0, 0, 'B', 'N', 'N', 'Y', 'Y', 'N', 'Y'),
('CSE-303-SEC1-AUM-2020-1842333', 'CSE-303-SEC1-AUM-2020', 44, 1842333, 0, 17.6, 27.6, 7, 0, 0, 0, 'B', 'Y', 'Y', 'Y', 'Y', 'Y', 'Y'),
('CSE-303-SEC1-AUM-2020-1845457', 'CSE-303-SEC1-AUM-2020', 44, 1845457, 0, 21.2, 22, 9, 0, 0, 0, 'B', 'Y', 'Y', 'N', 'Y', 'Y', 'N'),
('CSE-303-SEC1-AUM-2020-1849651', 'CSE-303-SEC1-AUM-2020', 44, 1849651, 0, 11.8, 28, 6, 0, 0, 0, 'B', 'Y', 'Y', 'Y', 'Y', 'Y', 'Y'),
('CSE-303-SEC1-AUM-2020-1855787', 'CSE-303-SEC1-AUM-2020', 44, 1855787, 0, 21.2, 20.4, 7, 0, 0, 0, 'B', 'Y', 'Y', 'N', 'Y', 'Y', 'N'),
('CSE-303-SEC1-AUM-2020-1863951', 'CSE-303-SEC1-AUM-2020', 44, 1863951, 0, 8.8, 20.4, 3, 0, 0, 0, 'B', 'Y', 'N', 'N', 'Y', 'N', 'N'),
('CSE-303-SEC1-AUM-2020-1868128', 'CSE-303-SEC1-AUM-2020', 44, 1868128, 0, 15.8, 22, 5, 0, 0, 0, 'B', 'Y', 'Y', 'Y', 'Y', 'Y', 'Y'),
('CSE-303-SEC1-AUM-2020-1872128', 'CSE-303-SEC1-AUM-2020', 44, 1872128, 0, 19.6, 22, 3, 0, 0, 0, 'B', 'Y', 'Y', 'N', 'Y', 'Y', 'N'),
('CSE-303-SEC1-AUM-2020-1873255', 'CSE-303-SEC1-AUM-2020', 44, 1873255, 0, 10.8, 24.8, 6, 0, 0, 0, 'B', 'N', 'Y', 'Y', 'Y', 'Y', 'Y'),
('CSE-303-SEC1-AUM-2020-1877262', 'CSE-303-SEC1-AUM-2020', 44, 1877262, 0, 14, 15.2, 9, 0, 0, 0, 'B', 'Y', 'Y', 'N', 'Y', 'Y', 'N'),
('CSE-303-SEC1-AUM-2020-1886577', 'CSE-303-SEC1-AUM-2020', 44, 1886577, 0, 10.6, 23.2, 8, 0, 0, 0, 'B', 'Y', 'N', 'N', 'Y', 'N', 'N'),
('CSE-303-SEC1-AUM-2020-1887973', 'CSE-303-SEC1-AUM-2020', 44, 1887973, 0, 19, 18.4, 6, 0, 0, 0, 'B', 'Y', 'Y', 'N', 'Y', 'Y', 'N'),
('CSE-303-SEC1-AUM-2020-1892367', 'CSE-303-SEC1-AUM-2020', 44, 1892367, 0, 1.2, 15.2, 7, 0, 0, 0, 'B', 'N', 'N', 'N', 'N', 'N', 'N'),
('CSE-303-SEC1-AUM-2020-1893863', 'CSE-303-SEC1-AUM-2020', 44, 1893863, 0, 25.6, 25.2, 8, 0, 0, 0, 'B', 'Y', 'Y', 'Y', 'Y', 'Y', 'Y'),
('CSE-303-SEC1-AUM-2020-1898334', 'CSE-303-SEC1-AUM-2020', 44, 1898334, 0, 21.8, 24.8, 10, 0, 0, 0, 'B', 'Y', 'N', 'Y', 'Y', 'N', 'Y'),
('CSE-303-SEC2-SPR-2020-1416455', 'CSE-303-SEC2-SPR-2020', 46, 1416455, 0, 8.8, 26, 0, 24, 0, 0, 'B', 'N', 'Y', 'Y', 'Y', 'Y', 'N'),
('CSE-303-SEC2-SPR-2020-1528882', 'CSE-303-SEC2-SPR-2020', 46, 1528882, 0, 5.2, 12, 0, 6, 0, 0, 'B', 'N', 'N', 'N', 'N', 'Y', 'Y'),
('CSE-303-SEC2-SPR-2020-1579288', 'CSE-303-SEC2-SPR-2020', 46, 1579288, 0, 7, 18.4, 0, 23, 0, 0, 'B', 'N', 'N', 'Y', 'Y', 'N', 'Y'),
('CSE-303-SEC2-SPR-2020-1612985', 'CSE-303-SEC2-SPR-2020', 46, 1612985, 0, 8.4, 20, 0, 12, 0, 0, 'B+', 'N', 'Y', 'Y', 'Y', 'Y', 'N'),
('CSE-303-SEC2-SPR-2020-1613273', 'CSE-303-SEC2-SPR-2020', 46, 1613273, 0, 4, 15.2, 0, 12, 0, 0, 'B', 'N', 'Y', 'N', 'Y', 'N', 'Y'),
('CSE-303-SEC2-SPR-2020-1616161', 'CSE-303-SEC2-SPR-2020', 46, 1616161, 0, 13.8, 20, 0, 0, 0, 0, 'C-', 'Y', 'Y', 'N', 'N', 'Y', 'N'),
('CSE-303-SEC2-SPR-2020-1622731', 'CSE-303-SEC2-SPR-2020', 46, 1622731, 0, 0, 0, 0, 0, 0, 0, 'C', 'N', 'N', 'N', 'N', 'Y', 'Y'),
('CSE-303-SEC2-SPR-2020-1623112', 'CSE-303-SEC2-SPR-2020', 46, 1623112, 0, 9.8, 18, 0, 12, 0, 0, 'C', 'N', 'Y', 'N', 'Y', 'Y', 'Y'),
('CSE-303-SEC2-SPR-2020-1625654', 'CSE-303-SEC2-SPR-2020', 46, 1625654, 0, 8, 12.8, 0, 24, 0, 0, 'B', 'N', 'N', 'N', 'Y', 'Y', 'Y'),
('CSE-303-SEC2-SPR-2020-1633554', 'CSE-303-SEC2-SPR-2020', 46, 1633554, 0, 6, 0, 0, 0, 0, 0, 'B', 'N', 'Y', 'N', 'N', 'Y', 'Y'),
('CSE-303-SEC2-SPR-2020-1641252', 'CSE-303-SEC2-SPR-2020', 46, 1641252, 0, 24.8, 24.8, 0, 34, 0, 0, 'C+', 'Y', 'Y', 'Y', 'Y', 'N', 'N'),
('CSE-303-SEC2-SPR-2020-1645333', 'CSE-303-SEC2-SPR-2020', 46, 1645333, 0, 17.8, 20.4, 0, 23, 0, 0, 'B+', 'Y', 'Y', 'N', 'Y', 'Y', 'Y'),
('CSE-303-SEC2-SPR-2020-1653725', 'CSE-303-SEC2-SPR-2020', 46, 1653725, 0, 0, 0, 0, 0, 0, 0, 'B+', 'N', 'N', 'N', 'N', 'Y', 'Y'),
('CSE-303-SEC2-SPR-2020-1662147', 'CSE-303-SEC2-SPR-2020', 46, 1662147, 0, 5, 9.2, 0, 9, 0, 0, 'B', 'N', 'N', 'N', 'N', 'Y', 'N'),
('CSE-303-SEC2-SPR-2020-1665555', 'CSE-303-SEC2-SPR-2020', 46, 1665555, 0, 6.6, 16.8, 0, 27, 0, 0, 'C+', 'N', 'Y', 'N', 'Y', 'N', 'Y'),
('CSE-303-SEC2-SPR-2020-1668314', 'CSE-303-SEC2-SPR-2020', 46, 1668314, 0, 0, 24, 0, 11, 0, 0, 'C+', 'N', 'N', 'Y', 'N', 'N', 'N'),
('CSE-303-SEC2-SPR-2020-1669953', 'CSE-303-SEC2-SPR-2020', 46, 1669953, 0, 1, 0, 0, 0, 0, 0, 'B', 'N', 'N', 'N', 'N', 'N', 'N'),
('CSE-303-SEC2-SPR-2020-1674181', 'CSE-303-SEC2-SPR-2020', 46, 1674181, 0, 7.6, 14, 0, 11, 0, 0, 'C-', 'N', 'N', 'N', 'N', 'Y', 'Y'),
('CSE-303-SEC2-SPR-2020-1691291', 'CSE-303-SEC2-SPR-2020', 46, 1691291, 0, 5.8, 21.6, 0, 30, 0, 0, 'B-', 'N', 'N', 'N', 'Y', 'N', 'Y'),
('CSE-303-SEC2-SPR-2020-1691483', 'CSE-303-SEC2-SPR-2020', 46, 1691483, 0, 7, 12, 0, 6, 0, 0, 'C', 'N', 'Y', 'N', 'N', 'Y', 'Y'),
('CSE-303-SEC2-SPR-2020-1695837', 'CSE-303-SEC2-SPR-2020', 46, 1695837, 0, 11, 21.2, 0, 24, 0, 0, 'B', 'Y', 'N', 'Y', 'Y', 'Y', 'Y'),
('CSE-303-SEC2-SPR-2020-1696326', 'CSE-303-SEC2-SPR-2020', 46, 1696326, 0, 7.2, 24, 0, 12, 0, 0, 'B', 'N', 'Y', 'Y', 'Y', 'N', 'N'),
('CSE101-SEC1-SPR-2020-1416455', 'CSE101-SEC1-SPR-2020', 32, 1416455, 0, 8.8, 26, 0, 24, 0, 0, 'B', 'N', 'Y', 'Y', 'Y', 'Y', 'N'),
('CSE101-SEC1-SPR-2020-1528882', 'CSE101-SEC1-SPR-2020', 32, 1528882, 0, 5.2, 12, 0, 6, 0, 0, 'B', 'N', 'N', 'N', 'N', 'Y', 'Y'),
('CSE101-SEC1-SPR-2020-1579288', 'CSE101-SEC1-SPR-2020', 32, 1579288, 0, 7, 18.4, 0, 23, 0, 0, 'B', 'N', 'N', 'Y', 'Y', 'N', 'Y'),
('CSE101-SEC1-SPR-2020-1612985', 'CSE101-SEC1-SPR-2020', 32, 1612985, 0, 8.4, 20, 0, 12, 0, 0, 'B+', 'N', 'Y', 'Y', 'Y', 'Y', 'N'),
('CSE101-SEC1-SPR-2020-1613273', 'CSE101-SEC1-SPR-2020', 32, 1613273, 0, 4, 15.2, 0, 12, 0, 0, 'B', 'N', 'Y', 'N', 'Y', 'N', 'Y'),
('CSE101-SEC1-SPR-2020-1616161', 'CSE101-SEC1-SPR-2020', 32, 1616161, 0, 13.8, 20, 0, 0, 0, 0, 'C-', 'Y', 'Y', 'N', 'N', 'Y', 'N'),
('CSE101-SEC1-SPR-2020-1622731', 'CSE101-SEC1-SPR-2020', 32, 1622731, 0, 0, 0, 0, 0, 0, 0, 'C', 'N', 'N', 'N', 'N', 'Y', 'Y'),
('CSE101-SEC1-SPR-2020-1623112', 'CSE101-SEC1-SPR-2020', 32, 1623112, 0, 9.8, 18, 0, 12, 0, 0, 'C', 'N', 'Y', 'N', 'Y', 'Y', 'Y'),
('CSE101-SEC1-SPR-2020-1625654', 'CSE101-SEC1-SPR-2020', 32, 1625654, 0, 8, 12.8, 0, 24, 0, 0, 'B', 'N', 'N', 'N', 'Y', 'Y', 'Y'),
('CSE101-SEC1-SPR-2020-1633554', 'CSE101-SEC1-SPR-2020', 32, 1633554, 0, 6, 0, 0, 0, 0, 0, 'B', 'N', 'Y', 'N', 'N', 'Y', 'Y'),
('CSE101-SEC1-SPR-2020-1641252', 'CSE101-SEC1-SPR-2020', 32, 1641252, 0, 24.8, 24.8, 0, 34, 0, 0, 'C+', 'Y', 'Y', 'Y', 'Y', 'N', 'N'),
('CSE101-SEC1-SPR-2020-1645333', 'CSE101-SEC1-SPR-2020', 32, 1645333, 0, 17.8, 20.4, 0, 23, 0, 0, 'B+', 'Y', 'Y', 'N', 'Y', 'Y', 'Y'),
('CSE101-SEC1-SPR-2020-1653725', 'CSE101-SEC1-SPR-2020', 32, 1653725, 0, 0, 0, 0, 0, 0, 0, 'B+', 'N', 'N', 'N', 'N', 'Y', 'Y'),
('CSE101-SEC1-SPR-2020-1662147', 'CSE101-SEC1-SPR-2020', 32, 1662147, 0, 5, 9.2, 0, 9, 0, 0, 'B', 'N', 'N', 'N', 'N', 'Y', 'N'),
('CSE101-SEC1-SPR-2020-1665555', 'CSE101-SEC1-SPR-2020', 32, 1665555, 0, 6.6, 16.8, 0, 27, 0, 0, 'C+', 'N', 'Y', 'N', 'Y', 'N', 'Y'),
('CSE101-SEC1-SPR-2020-1668314', 'CSE101-SEC1-SPR-2020', 32, 1668314, 0, 0, 24, 0, 11, 0, 0, 'C+', 'N', 'N', 'Y', 'N', 'N', 'N'),
('CSE101-SEC1-SPR-2020-1669953', 'CSE101-SEC1-SPR-2020', 32, 1669953, 0, 1, 0, 0, 0, 0, 0, 'B', 'N', 'N', 'N', 'N', 'N', 'N'),
('CSE101-SEC1-SPR-2020-1674181', 'CSE101-SEC1-SPR-2020', 32, 1674181, 0, 7.6, 14, 0, 11, 0, 0, 'C-', 'N', 'N', 'N', 'N', 'Y', 'Y'),
('CSE101-SEC1-SPR-2020-1691291', 'CSE101-SEC1-SPR-2020', 32, 1691291, 0, 5.8, 21.6, 0, 30, 0, 0, 'B-', 'N', 'N', 'N', 'Y', 'N', 'Y'),
('CSE101-SEC1-SPR-2020-1691483', 'CSE101-SEC1-SPR-2020', 32, 1691483, 0, 7, 12, 0, 6, 0, 0, 'C', 'N', 'Y', 'N', 'N', 'Y', 'Y'),
('CSE101-SEC1-SPR-2020-1695837', 'CSE101-SEC1-SPR-2020', 32, 1695837, 0, 11, 21.2, 0, 24, 0, 0, 'B', 'Y', 'N', 'Y', 'Y', 'Y', 'Y'),
('CSE101-SEC1-SPR-2020-1696326', 'CSE101-SEC1-SPR-2020', 32, 1696326, 0, 7.2, 24, 0, 12, 0, 0, 'B', 'N', 'Y', 'Y', 'Y', 'N', 'N'),
('CSE101-SEC1-SUM-2021-1712983', 'CSE101-SEC1-SUM-2021', 34, 1712983, 0, 11.6, 23.6, 7, 0, 0, 0, 'B', 'Y', 'N', 'Y', 'Y', 'N', 'Y'),
('CSE101-SEC1-SUM-2021-1715578', 'CSE101-SEC1-SUM-2021', 34, 1715578, 0, 16.8, 22, 5, 0, 0, 0, 'B', 'Y', 'Y', 'N', 'N', 'Y', 'N'),
('CSE101-SEC1-SUM-2021-1718437', 'CSE101-SEC1-SUM-2021', 34, 1718437, 0, 14.6, 26.8, 8, 0, 0, 0, 'B+', 'Y', 'N', 'Y', 'Y', 'N', 'Y'),
('CSE101-SEC1-SUM-2021-1728139', 'CSE101-SEC1-SUM-2021', 34, 1728139, 0, 4.6, 14.4, 5, 0, 0, 0, 'B', 'N', 'N', 'N', 'N', 'N', 'N'),
('CSE101-SEC1-SUM-2021-1728439', 'CSE101-SEC1-SUM-2021', 34, 1728439, 0, 19.6, 26.8, 8, 0, 0, 0, 'B', 'Y', 'N', 'Y', 'N', 'N', 'Y'),
('CSE101-SEC1-SUM-2021-1731817', 'CSE101-SEC1-SUM-2021', 34, 1731817, 0, 16.4, 20.8, 5, 0, 0, 0, 'B', 'Y', 'Y', 'N', 'N', 'Y', 'N'),
('CSE101-SEC1-SUM-2021-1731852', 'CSE101-SEC1-SUM-2021', 34, 1731852, 0, 7, 22.4, 9, 0, 0, 0, 'B+', 'N', 'Y', 'N', 'N', 'Y', 'N'),
('CSE101-SEC1-SUM-2021-1736425', 'CSE101-SEC1-SUM-2021', 34, 1736425, 0, 17, 24.4, 9, 0, 0, 0, 'B', 'Y', 'N', 'Y', 'Y', 'N', 'Y'),
('CSE101-SEC1-SUM-2021-1737824', 'CSE101-SEC1-SUM-2021', 34, 1737824, 0, 21, 27.2, 7, 0, 0, 0, 'B', 'Y', 'N', 'Y', 'Y', 'N', 'Y'),
('CSE101-SEC1-SUM-2021-1742892', 'CSE101-SEC1-SUM-2021', 34, 1742892, 0, 21.4, 22.8, 7, 0, 0, 0, 'B', 'Y', 'Y', 'N', 'Y', 'Y', 'N'),
('CSE101-SEC1-SUM-2021-1745484', 'CSE101-SEC1-SUM-2021', 34, 1745484, 0, 10.6, 27.6, 5, 0, 0, 0, 'B+', 'Y', 'Y', 'Y', 'Y', 'Y', 'Y'),
('CSE101-SEC1-SUM-2021-1752538', 'CSE101-SEC1-SUM-2021', 34, 1752538, 0, 24.2, 18.8, 8, 0, 0, 0, 'B', 'Y', 'Y', 'N', 'Y', 'Y', 'N'),
('CSE101-SEC1-SUM-2021-1754681', 'CSE101-SEC1-SUM-2021', 34, 1754681, 0, 13, 21.6, 7, 0, 0, 0, 'B+', 'Y', 'N', 'N', 'N', 'N', 'N'),
('CSE101-SEC1-SUM-2021-1766156', 'CSE101-SEC1-SUM-2021', 34, 1766156, 0, 4, 0, 4, 0, 0, 0, 'B+', 'N', 'N', 'N', 'N', 'N', 'N'),
('CSE101-SEC1-SUM-2021-1766176', 'CSE101-SEC1-SUM-2021', 34, 1766176, 0, 7.4, 24, 7, 0, 0, 0, 'B', 'N', 'N', 'Y', 'N', 'N', 'Y'),
('CSE101-SEC1-SUM-2021-1769463', 'CSE101-SEC1-SUM-2021', 34, 1769463, 0, 6.6, 22.4, 5, 0, 0, 0, 'B', 'N', 'N', 'N', 'Y', 'N', 'N'),
('CSE101-SEC1-SUM-2021-1772947', 'CSE101-SEC1-SUM-2021', 34, 1772947, 0, 14.4, 14.4, 8, 0, 0, 0, 'B', 'Y', 'Y', 'N', 'N', 'Y', 'N'),
('CSE101-SEC1-SUM-2021-1784847', 'CSE101-SEC1-SUM-2021', 34, 1784847, 0, 18.4, 24.8, 9, 0, 0, 0, 'B', 'Y', 'Y', 'Y', 'Y', 'Y', 'Y'),
('CSE101-SEC1-SUM-2021-1788337', 'CSE101-SEC1-SUM-2021', 34, 1788337, 0, 2, 4.8, 4, 0, 0, 0, 'B+', 'N', 'N', 'N', 'Y', 'N', 'N'),
('CSE101-SEC1-SUM-2021-1791753', 'CSE101-SEC1-SUM-2021', 34, 1791753, 0, 3.8, 0, 9, 0, 0, 0, 'B', 'N', 'N', 'N', 'N', 'N', 'N'),
('CSE101-SEC1-SUM-2021-1797789', 'CSE101-SEC1-SUM-2021', 34, 1797789, 0, 17.4, 17.2, 6, 0, 0, 0, 'B+', 'Y', 'Y', 'N', 'Y', 'Y', 'N'),
('CSE101-SEC1-SUM-2021-1798883', 'CSE101-SEC1-SUM-2021', 34, 1798883, 0, 20.4, 21.6, 5, 0, 0, 0, 'B', 'Y', 'Y', 'Y', 'Y', 'Y', 'Y'),
('CSE101-SEC2-AUM-2020-1614733', 'CSE101-SEC2-AUM-2020', 33, 1614733, 0, 3.4, 23.2, 0, 23, 0, 0, 'B+', 'N', 'Y', 'N', 'N', 'Y', 'N'),
('CSE101-SEC2-AUM-2020-1634352', 'CSE101-SEC2-AUM-2020', 33, 1634352, 0, 11.8, 17.2, 0, 23, 0, 0, 'B+', 'Y', 'Y', 'N', 'Y', 'Y', 'N'),
('CSE101-SEC2-AUM-2020-1646434', 'CSE101-SEC2-AUM-2020', 33, 1646434, 0, 7.2, 24, 0, 12, 0, 0, 'B', 'N', 'Y', 'Y', 'N', 'Y', 'Y'),
('CSE101-SEC2-AUM-2020-1654432', 'CSE101-SEC2-AUM-2020', 33, 1654432, 0, 9, 23.2, 0, 12, 0, 0, 'B+', 'N', 'Y', 'Y', 'N', 'Y', 'Y'),
('CSE101-SEC2-AUM-2020-1661638', 'CSE101-SEC2-AUM-2020', 33, 1661638, 0, 12, 18, 0, 12, 0, 0, 'B', 'Y', 'N', 'N', 'Y', 'N', 'N'),
('CSE101-SEC2-AUM-2020-1665491', 'CSE101-SEC2-AUM-2020', 33, 1665491, 0, 0, 18.4, 0, 10, 0, 0, 'C', 'N', 'N', 'N', 'N', 'N', 'N'),
('CSE101-SEC2-AUM-2020-1678812', 'CSE101-SEC2-AUM-2020', 33, 1678812, 0, 17.4, 18.8, 0, 25, 0, 0, 'B', 'Y', 'Y', 'Y', 'Y', 'Y', 'Y'),
('CSE101-SEC2-AUM-2020-1686272', 'CSE101-SEC2-AUM-2020', 33, 1686272, 0, 9, 18.8, 0, 20, 0, 0, 'B', 'Y', 'N', 'N', 'Y', 'N', 'N'),
('CSE101-SEC2-AUM-2020-1728125', 'CSE101-SEC2-AUM-2020', 33, 1728125, 0, 2.8, 22, 0, 27, 0, 0, 'C+', 'N', 'Y', 'N', 'N', 'Y', 'N'),
('CSE101-SEC2-AUM-2020-1729416', 'CSE101-SEC2-AUM-2020', 33, 1729416, 0, 2.8, 23.2, 0, 12, 0, 0, 'B+', 'N', 'Y', 'Y', 'N', 'Y', 'Y'),
('CSE101-SEC2-AUM-2020-1743714', 'CSE101-SEC2-AUM-2020', 33, 1743714, 0, 9.6, 0, 0, 0, 0, 0, 'F', 'N', 'N', 'N', 'N', 'N', 'N'),
('CSE101-SEC2-AUM-2020-1747457', 'CSE101-SEC2-AUM-2020', 33, 1747457, 0, 6.6, 15.6, 0, 11, 0, 0, 'C+', 'N', 'N', 'N', 'N', 'N', 'N'),
('CSE101-SEC2-AUM-2020-1759787', 'CSE101-SEC2-AUM-2020', 33, 1759787, 0, 11.4, 23.2, 0, 23, 0, 0, 'B+', 'Y', 'Y', 'N', 'Y', 'Y', 'N'),
('CSE101-SEC2-AUM-2020-1763881', 'CSE101-SEC2-AUM-2020', 33, 1763881, 0, 14.2, 18.8, 0, 19, 0, 0, 'C+', 'Y', 'Y', 'N', 'Y', 'Y', 'N'),
('CSE101-SEC2-AUM-2020-1768463', 'CSE101-SEC2-AUM-2020', 33, 1768463, 0, 12.2, 24, 0, 11, 0, 0, 'B+', 'N', 'N', 'N', 'N', 'N', 'N'),
('CSE101-SEC2-AUM-2020-1773277', 'CSE101-SEC2-AUM-2020', 33, 1773277, 0, 12.2, 19.2, 0, 25, 0, 0, 'B', 'N', 'Y', 'N', 'N', 'Y', 'N'),
('CSE101-SEC2-AUM-2020-1778274', 'CSE101-SEC2-AUM-2020', 33, 1778274, 0, 7.8, 16.8, 0, 11, 0, 0, 'C', 'N', 'Y', 'N', 'N', 'Y', 'N'),
('CSE101-SEC2-AUM-2020-1781682', 'CSE101-SEC2-AUM-2020', 33, 1781682, 0, 8.4, 0, 0, 0, 0, 0, 'F', 'N', 'N', 'N', 'N', 'N', 'N'),
('CSE101-SEC2-AUM-2020-1783512', 'CSE101-SEC2-AUM-2020', 33, 1783512, 0, 14.6, 18.4, 0, 11, 0, 0, 'B', 'N', 'N', 'N', 'N', 'N', 'N'),
('CSE101-SEC2-AUM-2020-1795656', 'CSE101-SEC2-AUM-2020', 33, 1795656, 0, 9.2, 18, 0, 27, 0, 0, 'B', 'N', 'Y', 'Y', 'N', 'Y', 'Y'),
('CSE101-SEC2-AUM-2020-1797625', 'CSE101-SEC2-AUM-2020', 33, 1797625, 0, 11.4, 22.4, 0, 11, 0, 0, 'B', 'N', 'N', 'N', 'N', 'N', 'N'),
('CSE101-SEC2-SUM-2021-1711619', 'CSE101-SEC2-SUM-2021', 35, 1711619, 0, 21, 27.2, 7, 0, 0, 0, 'B', 'Y', 'N', 'Y', 'Y', 'N', 'Y'),
('CSE101-SEC2-SUM-2021-1711729', 'CSE101-SEC2-SUM-2021', 35, 1711729, 0, 4.6, 14.4, 5, 0, 0, 0, 'B', 'N', 'N', 'N', 'N', 'N', 'N'),
('CSE101-SEC2-SUM-2021-1762565', 'CSE101-SEC2-SUM-2021', 35, 1762565, 0, 12.8, 20, 5, 0, 0, 0, 'B', 'Y', 'N', 'N', 'Y', 'N', 'N'),
('CSE101-SEC2-SUM-2021-1773384', 'CSE101-SEC2-SUM-2021', 35, 1773384, 0, 6, 12.4, 6, 0, 0, 0, 'B', 'N', 'N', 'N', 'N', 'N', 'N'),
('CSE101-SEC2-SUM-2021-1789481', 'CSE101-SEC2-SUM-2021', 35, 1789481, 0, 17.4, 17.2, 5, 0, 0, 0, 'B', 'Y', 'Y', 'N', 'Y', 'Y', 'N'),
('CSE101-SEC2-SUM-2021-1834433', 'CSE101-SEC2-SUM-2021', 35, 1834433, 0, 12.4, 17.6, 7, 0, 0, 0, 'B', 'Y', 'N', 'N', 'Y', 'N', 'N'),
('CSE101-SEC2-SUM-2021-1835298', 'CSE101-SEC2-SUM-2021', 35, 1835298, 0, 9.4, 22.4, 8, 0, 0, 0, 'B', 'Y', 'N', 'N', 'Y', 'N', 'N'),
('CSE101-SEC2-SUM-2021-1835874', 'CSE101-SEC2-SUM-2021', 35, 1835874, 0, 7, 23.6, 6, 0, 0, 0, 'B', 'N', 'N', 'Y', 'Y', 'N', 'Y'),
('CSE101-SEC2-SUM-2021-1842333', 'CSE101-SEC2-SUM-2021', 35, 1842333, 0, 17.6, 27.6, 7, 0, 0, 0, 'B', 'Y', 'Y', 'Y', 'Y', 'Y', 'Y'),
('CSE101-SEC2-SUM-2021-1845457', 'CSE101-SEC2-SUM-2021', 35, 1845457, 0, 21.2, 22, 9, 0, 0, 0, 'B', 'Y', 'Y', 'N', 'Y', 'Y', 'N'),
('CSE101-SEC2-SUM-2021-1849651', 'CSE101-SEC2-SUM-2021', 35, 1849651, 0, 11.8, 28, 6, 0, 0, 0, 'B', 'Y', 'Y', 'Y', 'Y', 'Y', 'Y'),
('CSE101-SEC2-SUM-2021-1855787', 'CSE101-SEC2-SUM-2021', 35, 1855787, 0, 21.2, 20.4, 7, 0, 0, 0, 'B', 'Y', 'Y', 'N', 'Y', 'Y', 'N'),
('CSE101-SEC2-SUM-2021-1863951', 'CSE101-SEC2-SUM-2021', 35, 1863951, 0, 8.8, 20.4, 3, 0, 0, 0, 'B', 'Y', 'N', 'N', 'Y', 'N', 'N'),
('CSE101-SEC2-SUM-2021-1868128', 'CSE101-SEC2-SUM-2021', 35, 1868128, 0, 15.8, 22, 5, 0, 0, 0, 'B', 'Y', 'Y', 'Y', 'Y', 'Y', 'Y'),
('CSE101-SEC2-SUM-2021-1872128', 'CSE101-SEC2-SUM-2021', 35, 1872128, 0, 19.6, 22, 3, 0, 0, 0, 'B', 'Y', 'Y', 'N', 'Y', 'Y', 'N'),
('CSE101-SEC2-SUM-2021-1873255', 'CSE101-SEC2-SUM-2021', 35, 1873255, 0, 10.8, 24.8, 6, 0, 0, 0, 'B', 'N', 'Y', 'Y', 'Y', 'Y', 'Y'),
('CSE101-SEC2-SUM-2021-1877262', 'CSE101-SEC2-SUM-2021', 35, 1877262, 0, 14, 15.2, 9, 0, 0, 0, 'B', 'Y', 'Y', 'N', 'Y', 'Y', 'N'),
('CSE101-SEC2-SUM-2021-1886577', 'CSE101-SEC2-SUM-2021', 35, 1886577, 0, 10.6, 23.2, 8, 0, 0, 0, 'B', 'Y', 'N', 'N', 'Y', 'N', 'N'),
('CSE101-SEC2-SUM-2021-1887973', 'CSE101-SEC2-SUM-2021', 35, 1887973, 0, 19, 18.4, 6, 0, 0, 0, 'B', 'Y', 'Y', 'N', 'Y', 'Y', 'N'),
('CSE101-SEC2-SUM-2021-1892367', 'CSE101-SEC2-SUM-2021', 35, 1892367, 0, 1.2, 15.2, 7, 0, 0, 0, 'B', 'N', 'N', 'N', 'N', 'N', 'N'),
('CSE101-SEC2-SUM-2021-1893863', 'CSE101-SEC2-SUM-2021', 35, 1893863, 0, 25.6, 25.2, 8, 0, 0, 0, 'B', 'Y', 'Y', 'Y', 'Y', 'Y', 'Y'),
('CSE101-SEC2-SUM-2021-1898334', 'CSE101-SEC2-SUM-2021', 35, 1898334, 0, 21.8, 24.8, 10, 0, 0, 0, 'B', 'Y', 'N', 'Y', 'Y', 'N', 'Y'),
('CSE214-SEC1-SPR-2020-1416455', 'CSE214-SEC1-SPR-2020', 40, 1416455, 0, 8.8, 26, 0, 24, 0, 0, 'B', 'N', 'Y', 'Y', 'Y', 'Y', 'N'),
('CSE214-SEC1-SPR-2020-1528882', 'CSE214-SEC1-SPR-2020', 40, 1528882, 0, 5.2, 12, 0, 6, 0, 0, 'B', 'N', 'N', 'N', 'N', 'Y', 'Y'),
('CSE214-SEC1-SPR-2020-1579288', 'CSE214-SEC1-SPR-2020', 40, 1579288, 0, 7, 18.4, 0, 23, 0, 0, 'B', 'N', 'N', 'Y', 'Y', 'N', 'Y'),
('CSE214-SEC1-SPR-2020-1612985', 'CSE214-SEC1-SPR-2020', 40, 1612985, 0, 8.4, 20, 0, 12, 0, 0, 'B+', 'N', 'Y', 'Y', 'Y', 'Y', 'N'),
('CSE214-SEC1-SPR-2020-1613273', 'CSE214-SEC1-SPR-2020', 40, 1613273, 0, 4, 15.2, 0, 12, 0, 0, 'B', 'N', 'Y', 'N', 'Y', 'N', 'Y'),
('CSE214-SEC1-SPR-2020-1616161', 'CSE214-SEC1-SPR-2020', 40, 1616161, 0, 13.8, 20, 0, 0, 0, 0, 'C-', 'Y', 'Y', 'N', 'N', 'Y', 'N'),
('CSE214-SEC1-SPR-2020-1622731', 'CSE214-SEC1-SPR-2020', 40, 1622731, 0, 0, 0, 0, 0, 0, 0, 'C', 'N', 'N', 'N', 'N', 'Y', 'Y'),
('CSE214-SEC1-SPR-2020-1623112', 'CSE214-SEC1-SPR-2020', 40, 1623112, 0, 9.8, 18, 0, 12, 0, 0, 'C', 'N', 'Y', 'N', 'Y', 'Y', 'Y'),
('CSE214-SEC1-SPR-2020-1625654', 'CSE214-SEC1-SPR-2020', 40, 1625654, 0, 8, 12.8, 0, 24, 0, 0, 'B', 'N', 'N', 'N', 'Y', 'Y', 'Y'),
('CSE214-SEC1-SPR-2020-1633554', 'CSE214-SEC1-SPR-2020', 40, 1633554, 0, 6, 0, 0, 0, 0, 0, 'B', 'N', 'Y', 'N', 'N', 'Y', 'Y'),
('CSE214-SEC1-SPR-2020-1641252', 'CSE214-SEC1-SPR-2020', 40, 1641252, 0, 24.8, 24.8, 0, 34, 0, 0, 'C+', 'Y', 'Y', 'Y', 'Y', 'N', 'N'),
('CSE214-SEC1-SPR-2020-1645333', 'CSE214-SEC1-SPR-2020', 40, 1645333, 0, 17.8, 20.4, 0, 23, 0, 0, 'B+', 'Y', 'Y', 'N', 'Y', 'Y', 'Y'),
('CSE214-SEC1-SPR-2020-1653725', 'CSE214-SEC1-SPR-2020', 40, 1653725, 0, 0, 0, 0, 0, 0, 0, 'B+', 'N', 'N', 'N', 'N', 'Y', 'Y'),
('CSE214-SEC1-SPR-2020-1662147', 'CSE214-SEC1-SPR-2020', 40, 1662147, 0, 5, 9.2, 0, 9, 0, 0, 'B', 'N', 'N', 'N', 'N', 'Y', 'N'),
('CSE214-SEC1-SPR-2020-1665555', 'CSE214-SEC1-SPR-2020', 40, 1665555, 0, 6.6, 16.8, 0, 27, 0, 0, 'C+', 'N', 'Y', 'N', 'Y', 'N', 'Y'),
('CSE214-SEC1-SPR-2020-1668314', 'CSE214-SEC1-SPR-2020', 40, 1668314, 0, 0, 24, 0, 11, 0, 0, 'C+', 'N', 'N', 'Y', 'N', 'N', 'N'),
('CSE214-SEC1-SPR-2020-1669953', 'CSE214-SEC1-SPR-2020', 40, 1669953, 0, 1, 0, 0, 0, 0, 0, 'B', 'N', 'N', 'N', 'N', 'N', 'N'),
('CSE214-SEC1-SPR-2020-1674181', 'CSE214-SEC1-SPR-2020', 40, 1674181, 0, 7.6, 14, 0, 11, 0, 0, 'C-', 'N', 'N', 'N', 'N', 'Y', 'Y'),
('CSE214-SEC1-SPR-2020-1691291', 'CSE214-SEC1-SPR-2020', 40, 1691291, 0, 5.8, 21.6, 0, 30, 0, 0, 'B-', 'N', 'N', 'N', 'Y', 'N', 'Y'),
('CSE214-SEC1-SPR-2020-1691483', 'CSE214-SEC1-SPR-2020', 40, 1691483, 0, 7, 12, 0, 6, 0, 0, 'C', 'N', 'Y', 'N', 'N', 'Y', 'Y'),
('CSE214-SEC1-SPR-2020-1695837', 'CSE214-SEC1-SPR-2020', 40, 1695837, 0, 11, 21.2, 0, 24, 0, 0, 'B', 'Y', 'N', 'Y', 'Y', 'Y', 'Y'),
('CSE214-SEC1-SPR-2020-1696326', 'CSE214-SEC1-SPR-2020', 40, 1696326, 0, 7.2, 24, 0, 12, 0, 0, 'B', 'N', 'Y', 'Y', 'Y', 'N', 'N'),
('CSE214-SEC1-SUM-2021-1711619', 'CSE214-SEC1-SUM-2021', 41, 1711619, 0, 21, 27.2, 7, 0, 0, 0, 'B', 'Y', 'N', 'Y', 'Y', 'N', 'Y'),
('CSE214-SEC1-SUM-2021-1711729', 'CSE214-SEC1-SUM-2021', 41, 1711729, 0, 4.6, 14.4, 5, 0, 0, 0, 'B', 'N', 'N', 'N', 'N', 'N', 'N'),
('CSE214-SEC1-SUM-2021-1762565', 'CSE214-SEC1-SUM-2021', 41, 1762565, 0, 12.8, 20, 5, 0, 0, 0, 'B', 'Y', 'N', 'N', 'Y', 'N', 'N'),
('CSE214-SEC1-SUM-2021-1773384', 'CSE214-SEC1-SUM-2021', 41, 1773384, 0, 6, 12.4, 6, 0, 0, 0, 'B', 'N', 'N', 'N', 'N', 'N', 'N'),
('CSE214-SEC1-SUM-2021-1789481', 'CSE214-SEC1-SUM-2021', 41, 1789481, 0, 17.4, 17.2, 5, 0, 0, 0, 'B', 'Y', 'Y', 'N', 'Y', 'Y', 'N'),
('CSE214-SEC1-SUM-2021-1834433', 'CSE214-SEC1-SUM-2021', 41, 1834433, 0, 12.4, 17.6, 7, 0, 0, 0, 'B', 'Y', 'N', 'N', 'Y', 'N', 'N'),
('CSE214-SEC1-SUM-2021-1835298', 'CSE214-SEC1-SUM-2021', 41, 1835298, 0, 9.4, 22.4, 8, 0, 0, 0, 'B', 'Y', 'N', 'N', 'Y', 'N', 'N'),
('CSE214-SEC1-SUM-2021-1835874', 'CSE214-SEC1-SUM-2021', 41, 1835874, 0, 7, 23.6, 6, 0, 0, 0, 'B', 'N', 'N', 'Y', 'Y', 'N', 'Y'),
('CSE214-SEC1-SUM-2021-1842333', 'CSE214-SEC1-SUM-2021', 41, 1842333, 0, 17.6, 27.6, 7, 0, 0, 0, 'B', 'Y', 'Y', 'Y', 'Y', 'Y', 'Y'),
('CSE214-SEC1-SUM-2021-1845457', 'CSE214-SEC1-SUM-2021', 41, 1845457, 0, 21.2, 22, 9, 0, 0, 0, 'B', 'Y', 'Y', 'N', 'Y', 'Y', 'N'),
('CSE214-SEC1-SUM-2021-1849651', 'CSE214-SEC1-SUM-2021', 41, 1849651, 0, 11.8, 28, 6, 0, 0, 0, 'B', 'Y', 'Y', 'Y', 'Y', 'Y', 'Y'),
('CSE214-SEC1-SUM-2021-1855787', 'CSE214-SEC1-SUM-2021', 41, 1855787, 0, 21.2, 20.4, 7, 0, 0, 0, 'B', 'Y', 'Y', 'N', 'Y', 'Y', 'N'),
('CSE214-SEC1-SUM-2021-1863951', 'CSE214-SEC1-SUM-2021', 41, 1863951, 0, 8.8, 20.4, 3, 0, 0, 0, 'B', 'Y', 'N', 'N', 'Y', 'N', 'N'),
('CSE214-SEC1-SUM-2021-1868128', 'CSE214-SEC1-SUM-2021', 41, 1868128, 0, 15.8, 22, 5, 0, 0, 0, 'B', 'Y', 'Y', 'Y', 'Y', 'Y', 'Y'),
('CSE214-SEC1-SUM-2021-1872128', 'CSE214-SEC1-SUM-2021', 41, 1872128, 0, 19.6, 22, 3, 0, 0, 0, 'B', 'Y', 'Y', 'N', 'Y', 'Y', 'N'),
('CSE214-SEC1-SUM-2021-1873255', 'CSE214-SEC1-SUM-2021', 41, 1873255, 0, 10.8, 24.8, 6, 0, 0, 0, 'B', 'N', 'Y', 'Y', 'Y', 'Y', 'Y'),
('CSE214-SEC1-SUM-2021-1877262', 'CSE214-SEC1-SUM-2021', 41, 1877262, 0, 14, 15.2, 9, 0, 0, 0, 'B', 'Y', 'Y', 'N', 'Y', 'Y', 'N'),
('CSE214-SEC1-SUM-2021-1886577', 'CSE214-SEC1-SUM-2021', 41, 1886577, 0, 10.6, 23.2, 8, 0, 0, 0, 'B', 'Y', 'N', 'N', 'Y', 'N', 'N'),
('CSE214-SEC1-SUM-2021-1887973', 'CSE214-SEC1-SUM-2021', 41, 1887973, 0, 19, 18.4, 6, 0, 0, 0, 'B', 'Y', 'Y', 'N', 'Y', 'Y', 'N'),
('CSE214-SEC1-SUM-2021-1892367', 'CSE214-SEC1-SUM-2021', 41, 1892367, 0, 1.2, 15.2, 7, 0, 0, 0, 'B', 'N', 'N', 'N', 'N', 'N', 'N'),
('CSE214-SEC1-SUM-2021-1893863', 'CSE214-SEC1-SUM-2021', 41, 1893863, 0, 25.6, 25.2, 8, 0, 0, 0, 'B', 'Y', 'Y', 'Y', 'Y', 'Y', 'Y'),
('CSE214-SEC1-SUM-2021-1898334', 'CSE214-SEC1-SUM-2021', 41, 1898334, 0, 21.8, 24.8, 10, 0, 0, 0, 'B', 'Y', 'N', 'Y', 'Y', 'N', 'Y'),
('CSE214-SEC2-AUM-2020-1614733', 'CSE214-SEC2-AUM-2020', 43, 1614733, 0, 3.4, 23.2, 0, 23, 0, 0, 'B+', 'N', 'Y', 'N', 'N', 'Y', 'N'),
('CSE214-SEC2-AUM-2020-1634352', 'CSE214-SEC2-AUM-2020', 43, 1634352, 0, 11.8, 17.2, 0, 23, 0, 0, 'B+', 'Y', 'Y', 'N', 'Y', 'Y', 'N'),
('CSE214-SEC2-AUM-2020-1646434', 'CSE214-SEC2-AUM-2020', 43, 1646434, 0, 7.2, 24, 0, 12, 0, 0, 'B', 'N', 'Y', 'Y', 'N', 'Y', 'Y'),
('CSE214-SEC2-AUM-2020-1654432', 'CSE214-SEC2-AUM-2020', 43, 1654432, 0, 9, 23.2, 0, 12, 0, 0, 'B+', 'N', 'Y', 'Y', 'N', 'Y', 'Y'),
('CSE214-SEC2-AUM-2020-1661638', 'CSE214-SEC2-AUM-2020', 43, 1661638, 0, 12, 18, 0, 12, 0, 0, 'B', 'Y', 'N', 'N', 'Y', 'N', 'N'),
('CSE214-SEC2-AUM-2020-1665491', 'CSE214-SEC2-AUM-2020', 43, 1665491, 0, 0, 18.4, 0, 10, 0, 0, 'C', 'N', 'N', 'N', 'N', 'N', 'N'),
('CSE214-SEC2-AUM-2020-1678812', 'CSE214-SEC2-AUM-2020', 43, 1678812, 0, 17.4, 18.8, 0, 25, 0, 0, 'B', 'Y', 'Y', 'Y', 'Y', 'Y', 'Y'),
('CSE214-SEC2-AUM-2020-1686272', 'CSE214-SEC2-AUM-2020', 43, 1686272, 0, 9, 18.8, 0, 20, 0, 0, 'B', 'Y', 'N', 'N', 'Y', 'N', 'N'),
('CSE214-SEC2-AUM-2020-1728125', 'CSE214-SEC2-AUM-2020', 43, 1728125, 0, 2.8, 22, 0, 27, 0, 0, 'C+', 'N', 'Y', 'N', 'N', 'Y', 'N'),
('CSE214-SEC2-AUM-2020-1729416', 'CSE214-SEC2-AUM-2020', 43, 1729416, 0, 2.8, 23.2, 0, 12, 0, 0, 'B+', 'N', 'Y', 'Y', 'N', 'Y', 'Y'),
('CSE214-SEC2-AUM-2020-1743714', 'CSE214-SEC2-AUM-2020', 43, 1743714, 0, 9.6, 0, 0, 0, 0, 0, 'F', 'N', 'N', 'N', 'N', 'N', 'N'),
('CSE214-SEC2-AUM-2020-1747457', 'CSE214-SEC2-AUM-2020', 43, 1747457, 0, 6.6, 15.6, 0, 11, 0, 0, 'C+', 'N', 'N', 'N', 'N', 'N', 'N'),
('CSE214-SEC2-AUM-2020-1759787', 'CSE214-SEC2-AUM-2020', 43, 1759787, 0, 11.4, 23.2, 0, 23, 0, 0, 'B+', 'Y', 'Y', 'N', 'Y', 'Y', 'N'),
('CSE214-SEC2-AUM-2020-1763881', 'CSE214-SEC2-AUM-2020', 43, 1763881, 0, 14.2, 18.8, 0, 19, 0, 0, 'C+', 'Y', 'Y', 'N', 'Y', 'Y', 'N'),
('CSE214-SEC2-AUM-2020-1768463', 'CSE214-SEC2-AUM-2020', 43, 1768463, 0, 12.2, 24, 0, 11, 0, 0, 'B+', 'N', 'N', 'N', 'N', 'N', 'N'),
('CSE214-SEC2-AUM-2020-1773277', 'CSE214-SEC2-AUM-2020', 43, 1773277, 0, 12.2, 19.2, 0, 25, 0, 0, 'B', 'N', 'Y', 'N', 'N', 'Y', 'N'),
('CSE214-SEC2-AUM-2020-1778274', 'CSE214-SEC2-AUM-2020', 43, 1778274, 0, 7.8, 16.8, 0, 11, 0, 0, 'C', 'N', 'Y', 'N', 'N', 'Y', 'N'),
('CSE214-SEC2-AUM-2020-1781682', 'CSE214-SEC2-AUM-2020', 43, 1781682, 0, 8.4, 0, 0, 0, 0, 0, 'F', 'N', 'N', 'N', 'N', 'N', 'N'),
('CSE214-SEC2-AUM-2020-1783512', 'CSE214-SEC2-AUM-2020', 43, 1783512, 0, 14.6, 18.4, 0, 11, 0, 0, 'B', 'N', 'N', 'N', 'N', 'N', 'N'),
('CSE214-SEC2-AUM-2020-1795656', 'CSE214-SEC2-AUM-2020', 43, 1795656, 0, 9.2, 18, 0, 27, 0, 0, 'B', 'N', 'Y', 'Y', 'N', 'Y', 'Y'),
('CSE214-SEC2-AUM-2020-1797625', 'CSE214-SEC2-AUM-2020', 43, 1797625, 0, 11.4, 22.4, 0, 11, 0, 0, 'B', 'N', 'N', 'N', 'N', 'N', 'N'),
('CSE214-SEC2-SUM-2021-1712983', 'CSE214-SEC2-SUM-2021', 42, 1712983, 0, 11.6, 23.6, 7, 0, 0, 0, 'B', 'Y', 'N', 'Y', 'Y', 'N', 'Y'),
('CSE214-SEC2-SUM-2021-1715578', 'CSE214-SEC2-SUM-2021', 42, 1715578, 0, 16.8, 22, 5, 0, 0, 0, 'B', 'Y', 'Y', 'N', 'N', 'Y', 'N'),
('CSE214-SEC2-SUM-2021-1718437', 'CSE214-SEC2-SUM-2021', 42, 1718437, 0, 14.6, 26.8, 8, 0, 0, 0, 'B+', 'Y', 'N', 'Y', 'Y', 'N', 'Y'),
('CSE214-SEC2-SUM-2021-1728139', 'CSE214-SEC2-SUM-2021', 42, 1728139, 0, 4.6, 14.4, 5, 0, 0, 0, 'B', 'N', 'N', 'N', 'N', 'N', 'N'),
('CSE214-SEC2-SUM-2021-1728439', 'CSE214-SEC2-SUM-2021', 42, 1728439, 0, 19.6, 26.8, 8, 0, 0, 0, 'B', 'Y', 'N', 'Y', 'N', 'N', 'Y'),
('CSE214-SEC2-SUM-2021-1731817', 'CSE214-SEC2-SUM-2021', 42, 1731817, 0, 16.4, 20.8, 5, 0, 0, 0, 'B', 'Y', 'Y', 'N', 'N', 'Y', 'N'),
('CSE214-SEC2-SUM-2021-1731852', 'CSE214-SEC2-SUM-2021', 42, 1731852, 0, 7, 22.4, 9, 0, 0, 0, 'B+', 'N', 'Y', 'N', 'N', 'Y', 'N'),
('CSE214-SEC2-SUM-2021-1736425', 'CSE214-SEC2-SUM-2021', 42, 1736425, 0, 17, 24.4, 9, 0, 0, 0, 'B', 'Y', 'N', 'Y', 'Y', 'N', 'Y'),
('CSE214-SEC2-SUM-2021-1737824', 'CSE214-SEC2-SUM-2021', 42, 1737824, 0, 21, 27.2, 7, 0, 0, 0, 'B', 'Y', 'N', 'Y', 'Y', 'N', 'Y'),
('CSE214-SEC2-SUM-2021-1742892', 'CSE214-SEC2-SUM-2021', 42, 1742892, 0, 21.4, 22.8, 7, 0, 0, 0, 'B', 'Y', 'Y', 'N', 'Y', 'Y', 'N'),
('CSE214-SEC2-SUM-2021-1745484', 'CSE214-SEC2-SUM-2021', 42, 1745484, 0, 10.6, 27.6, 5, 0, 0, 0, 'B+', 'Y', 'Y', 'Y', 'Y', 'Y', 'Y'),
('CSE214-SEC2-SUM-2021-1752538', 'CSE214-SEC2-SUM-2021', 42, 1752538, 0, 24.2, 18.8, 8, 0, 0, 0, 'B', 'Y', 'Y', 'N', 'Y', 'Y', 'N'),
('CSE214-SEC2-SUM-2021-1754681', 'CSE214-SEC2-SUM-2021', 42, 1754681, 0, 13, 21.6, 7, 0, 0, 0, 'B+', 'Y', 'N', 'N', 'N', 'N', 'N'),
('CSE214-SEC2-SUM-2021-1766156', 'CSE214-SEC2-SUM-2021', 42, 1766156, 0, 4, 0, 4, 0, 0, 0, 'B+', 'N', 'N', 'N', 'N', 'N', 'N'),
('CSE214-SEC2-SUM-2021-1766176', 'CSE214-SEC2-SUM-2021', 42, 1766176, 0, 7.4, 24, 7, 0, 0, 0, 'B', 'N', 'N', 'Y', 'N', 'N', 'Y'),
('CSE214-SEC2-SUM-2021-1769463', 'CSE214-SEC2-SUM-2021', 42, 1769463, 0, 6.6, 22.4, 5, 0, 0, 0, 'B', 'N', 'N', 'N', 'Y', 'N', 'N'),
('CSE214-SEC2-SUM-2021-1772947', 'CSE214-SEC2-SUM-2021', 42, 1772947, 0, 14.4, 14.4, 8, 0, 0, 0, 'B', 'Y', 'Y', 'N', 'N', 'Y', 'N'),
('CSE214-SEC2-SUM-2021-1784847', 'CSE214-SEC2-SUM-2021', 42, 1784847, 0, 18.4, 24.8, 9, 0, 0, 0, 'B', 'Y', 'Y', 'Y', 'Y', 'Y', 'Y'),
('CSE214-SEC2-SUM-2021-1788337', 'CSE214-SEC2-SUM-2021', 42, 1788337, 0, 2, 4.8, 4, 0, 0, 0, 'B+', 'N', 'N', 'N', 'Y', 'N', 'N'),
('CSE214-SEC2-SUM-2021-1791753', 'CSE214-SEC2-SUM-2021', 42, 1791753, 0, 3.8, 0, 9, 0, 0, 0, 'B', 'N', 'N', 'N', 'N', 'N', 'N'),
('CSE214-SEC2-SUM-2021-1797789', 'CSE214-SEC2-SUM-2021', 42, 1797789, 0, 17.4, 17.2, 6, 0, 0, 0, 'B+', 'Y', 'Y', 'N', 'Y', 'Y', 'N'),
('CSE214-SEC2-SUM-2021-1798883', 'CSE214-SEC2-SUM-2021', 42, 1798883, 0, 20.4, 21.6, 5, 0, 0, 0, 'B', 'Y', 'Y', 'Y', 'Y', 'Y', 'Y'),
('CSE303-SEC1-AUM-2020-1711118', 'CSE303-SEC1-AUM-2020', 44, 1711118, 15, 10, 10, 5, 5, 1, 46, 'A', 'Y', 'N', 'Y', 'N', 'Y', 'N'),
('CSE303-SEC1-SUM-2021-1614733', 'CSE303-SEC1-SUM-2021', 45, 1614733, 0, 3.4, 23.2, 0, 23, 0, 0, 'B+', 'N', 'Y', 'N', 'N', 'Y', 'N'),
('CSE303-SEC1-SUM-2021-1634352', 'CSE303-SEC1-SUM-2021', 45, 1634352, 0, 11.8, 17.2, 0, 23, 0, 0, 'B+', 'Y', 'Y', 'N', 'Y', 'Y', 'N'),
('CSE303-SEC1-SUM-2021-1646434', 'CSE303-SEC1-SUM-2021', 45, 1646434, 0, 7.2, 24, 0, 12, 0, 0, 'B', 'N', 'Y', 'Y', 'N', 'Y', 'Y'),
('CSE303-SEC1-SUM-2021-1654432', 'CSE303-SEC1-SUM-2021', 45, 1654432, 0, 9, 23.2, 0, 12, 0, 0, 'B+', 'N', 'Y', 'Y', 'N', 'Y', 'Y'),
('CSE303-SEC1-SUM-2021-1661638', 'CSE303-SEC1-SUM-2021', 45, 1661638, 0, 12, 18, 0, 12, 0, 0, 'B', 'Y', 'N', 'N', 'Y', 'N', 'N'),
('CSE303-SEC1-SUM-2021-1665491', 'CSE303-SEC1-SUM-2021', 45, 1665491, 0, 0, 18.4, 0, 10, 0, 0, 'C', 'N', 'N', 'N', 'N', 'N', 'N'),
('CSE303-SEC1-SUM-2021-1678812', 'CSE303-SEC1-SUM-2021', 45, 1678812, 0, 17.4, 18.8, 0, 25, 0, 0, 'B', 'Y', 'Y', 'Y', 'Y', 'Y', 'Y'),
('CSE303-SEC1-SUM-2021-1686272', 'CSE303-SEC1-SUM-2021', 45, 1686272, 0, 9, 18.8, 0, 20, 0, 0, 'B', 'Y', 'N', 'N', 'Y', 'N', 'N'),
('CSE303-SEC1-SUM-2021-1728125', 'CSE303-SEC1-SUM-2021', 45, 1728125, 0, 2.8, 22, 0, 27, 0, 0, 'C+', 'N', 'Y', 'N', 'N', 'Y', 'N'),
('CSE303-SEC1-SUM-2021-1729416', 'CSE303-SEC1-SUM-2021', 45, 1729416, 0, 2.8, 23.2, 0, 12, 0, 0, 'B+', 'N', 'Y', 'Y', 'N', 'Y', 'Y'),
('CSE303-SEC1-SUM-2021-1743714', 'CSE303-SEC1-SUM-2021', 45, 1743714, 0, 9.6, 0, 0, 0, 0, 0, 'F', 'N', 'N', 'N', 'N', 'N', 'N'),
('CSE303-SEC1-SUM-2021-1747457', 'CSE303-SEC1-SUM-2021', 45, 1747457, 0, 6.6, 15.6, 0, 11, 0, 0, 'C+', 'N', 'N', 'N', 'N', 'N', 'N'),
('CSE303-SEC1-SUM-2021-1759787', 'CSE303-SEC1-SUM-2021', 45, 1759787, 0, 11.4, 23.2, 0, 23, 0, 0, 'B+', 'Y', 'Y', 'N', 'Y', 'Y', 'N'),
('CSE303-SEC1-SUM-2021-1763881', 'CSE303-SEC1-SUM-2021', 45, 1763881, 0, 14.2, 18.8, 0, 19, 0, 0, 'C+', 'Y', 'Y', 'N', 'Y', 'Y', 'N'),
('CSE303-SEC1-SUM-2021-1768463', 'CSE303-SEC1-SUM-2021', 45, 1768463, 0, 12.2, 24, 0, 11, 0, 0, 'B+', 'N', 'N', 'N', 'N', 'N', 'N'),
('CSE303-SEC1-SUM-2021-1773277', 'CSE303-SEC1-SUM-2021', 45, 1773277, 0, 12.2, 19.2, 0, 25, 0, 0, 'B', 'N', 'Y', 'N', 'N', 'Y', 'N'),
('CSE303-SEC1-SUM-2021-1778274', 'CSE303-SEC1-SUM-2021', 45, 1778274, 0, 7.8, 16.8, 0, 11, 0, 0, 'C', 'N', 'Y', 'N', 'N', 'Y', 'N'),
('CSE303-SEC1-SUM-2021-1781682', 'CSE303-SEC1-SUM-2021', 45, 1781682, 0, 8.4, 0, 0, 0, 0, 0, 'F', 'N', 'N', 'N', 'N', 'N', 'N'),
('CSE303-SEC1-SUM-2021-1783512', 'CSE303-SEC1-SUM-2021', 45, 1783512, 0, 14.6, 18.4, 0, 11, 0, 0, 'B', 'N', 'N', 'N', 'N', 'N', 'N'),
('CSE303-SEC1-SUM-2021-1795656', 'CSE303-SEC1-SUM-2021', 45, 1795656, 0, 9.2, 18, 0, 27, 0, 0, 'B', 'N', 'Y', 'Y', 'N', 'Y', 'Y'),
('CSE303-SEC1-SUM-2021-1797625', 'CSE303-SEC1-SUM-2021', 45, 1797625, 0, 11.4, 22.4, 0, 11, 0, 0, 'B', 'N', 'N', 'N', 'N', 'N', 'N'),
('CSE303-SEC1-SUM-2021-1820223', 'CSE303-SEC1-SUM-2021', 45, 1820223, 10, 30, 40, 10, 10, NULL, 100, 'A', 'Y', 'Y', 'Y', 'Y', 'Y', 'Y'),
('CSE303-SEC2-SUM-2021-1712983', 'CSE303-SEC2-SUM-2021', 47, 1712983, 0, 11.6, 23.6, 7, 0, 0, 0, 'B', 'Y', 'N', 'Y', 'Y', 'N', 'Y'),
('CSE303-SEC2-SUM-2021-1715578', 'CSE303-SEC2-SUM-2021', 47, 1715578, 0, 16.8, 22, 5, 0, 0, 0, 'B', 'Y', 'Y', 'N', 'N', 'Y', 'N'),
('CSE303-SEC2-SUM-2021-1718437', 'CSE303-SEC2-SUM-2021', 47, 1718437, 0, 14.6, 26.8, 8, 0, 0, 0, 'B+', 'Y', 'N', 'Y', 'Y', 'N', 'Y'),
('CSE303-SEC2-SUM-2021-1728139', 'CSE303-SEC2-SUM-2021', 47, 1728139, 0, 4.6, 14.4, 5, 0, 0, 0, 'B', 'N', 'N', 'N', 'N', 'N', 'N'),
('CSE303-SEC2-SUM-2021-1728439', 'CSE303-SEC2-SUM-2021', 47, 1728439, 0, 19.6, 26.8, 8, 0, 0, 0, 'B', 'Y', 'N', 'Y', 'N', 'N', 'Y'),
('CSE303-SEC2-SUM-2021-1731817', 'CSE303-SEC2-SUM-2021', 47, 1731817, 0, 16.4, 20.8, 5, 0, 0, 0, 'B', 'Y', 'Y', 'N', 'N', 'Y', 'N'),
('CSE303-SEC2-SUM-2021-1731852', 'CSE303-SEC2-SUM-2021', 47, 1731852, 0, 7, 22.4, 9, 0, 0, 0, 'B+', 'N', 'Y', 'N', 'N', 'Y', 'N'),
('CSE303-SEC2-SUM-2021-1736425', 'CSE303-SEC2-SUM-2021', 47, 1736425, 0, 17, 24.4, 9, 0, 0, 0, 'B', 'Y', 'N', 'Y', 'Y', 'N', 'Y'),
('CSE303-SEC2-SUM-2021-1737824', 'CSE303-SEC2-SUM-2021', 47, 1737824, 0, 21, 27.2, 7, 0, 0, 0, 'B', 'Y', 'N', 'Y', 'Y', 'N', 'Y'),
('CSE303-SEC2-SUM-2021-1742892', 'CSE303-SEC2-SUM-2021', 47, 1742892, 0, 21.4, 22.8, 7, 0, 0, 0, 'B', 'Y', 'Y', 'N', 'Y', 'Y', 'N'),
('CSE303-SEC2-SUM-2021-1745484', 'CSE303-SEC2-SUM-2021', 47, 1745484, 0, 10.6, 27.6, 5, 0, 0, 0, 'B+', 'Y', 'Y', 'Y', 'Y', 'Y', 'Y'),
('CSE303-SEC2-SUM-2021-1752538', 'CSE303-SEC2-SUM-2021', 47, 1752538, 0, 24.2, 18.8, 8, 0, 0, 0, 'B', 'Y', 'Y', 'N', 'Y', 'Y', 'N'),
('CSE303-SEC2-SUM-2021-1754681', 'CSE303-SEC2-SUM-2021', 47, 1754681, 0, 13, 21.6, 7, 0, 0, 0, 'B+', 'Y', 'N', 'N', 'N', 'N', 'N'),
('CSE303-SEC2-SUM-2021-1766156', 'CSE303-SEC2-SUM-2021', 47, 1766156, 0, 4, 0, 4, 0, 0, 0, 'B+', 'N', 'N', 'N', 'N', 'N', 'N'),
('CSE303-SEC2-SUM-2021-1766176', 'CSE303-SEC2-SUM-2021', 47, 1766176, 0, 7.4, 24, 7, 0, 0, 0, 'B', 'N', 'N', 'Y', 'N', 'N', 'Y'),
('CSE303-SEC2-SUM-2021-1769463', 'CSE303-SEC2-SUM-2021', 47, 1769463, 0, 6.6, 22.4, 5, 0, 0, 0, 'B', 'N', 'N', 'N', 'Y', 'N', 'N'),
('CSE303-SEC2-SUM-2021-1772947', 'CSE303-SEC2-SUM-2021', 47, 1772947, 0, 14.4, 14.4, 8, 0, 0, 0, 'B', 'Y', 'Y', 'N', 'N', 'Y', 'N'),
('CSE303-SEC2-SUM-2021-1784847', 'CSE303-SEC2-SUM-2021', 47, 1784847, 0, 18.4, 24.8, 9, 0, 0, 0, 'B', 'Y', 'Y', 'Y', 'Y', 'Y', 'Y'),
('CSE303-SEC2-SUM-2021-1788337', 'CSE303-SEC2-SUM-2021', 47, 1788337, 0, 2, 4.8, 4, 0, 0, 0, 'B+', 'N', 'N', 'N', 'Y', 'N', 'N'),
('CSE303-SEC2-SUM-2021-1791753', 'CSE303-SEC2-SUM-2021', 47, 1791753, 0, 3.8, 0, 9, 0, 0, 0, 'B', 'N', 'N', 'N', 'N', 'N', 'N'),
('CSE303-SEC2-SUM-2021-1797789', 'CSE303-SEC2-SUM-2021', 47, 1797789, 0, 17.4, 17.2, 6, 0, 0, 0, 'B+', 'Y', 'Y', 'N', 'Y', 'Y', 'N'),
('CSE303-SEC2-SUM-2021-1798883', 'CSE303-SEC2-SUM-2021', 47, 1798883, 0, 20.4, 21.6, 5, 0, 0, 0, 'B', 'Y', 'Y', 'Y', 'Y', 'Y', 'Y'),
('CSE316-SEC1-SPR-2020-1711619', 'CSE316-SEC1-SPR-2020', 36, 1711619, 0, 21, 27.2, 7, 0, 0, 0, 'B', 'Y', 'N', 'Y', 'Y', 'N', 'Y'),
('CSE316-SEC1-SPR-2020-1711729', 'CSE316-SEC1-SPR-2020', 36, 1711729, 0, 4.6, 14.4, 5, 0, 0, 0, 'B', 'N', 'N', 'N', 'N', 'N', 'N'),
('CSE316-SEC1-SPR-2020-1762565', 'CSE316-SEC1-SPR-2020', 36, 1762565, 0, 12.8, 20, 5, 0, 0, 0, 'B', 'Y', 'N', 'N', 'Y', 'N', 'N'),
('CSE316-SEC1-SPR-2020-1773384', 'CSE316-SEC1-SPR-2020', 36, 1773384, 0, 6, 12.4, 6, 0, 0, 0, 'B', 'N', 'N', 'N', 'N', 'N', 'N'),
('CSE316-SEC1-SPR-2020-1789481', 'CSE316-SEC1-SPR-2020', 36, 1789481, 0, 17.4, 17.2, 5, 0, 0, 0, 'B', 'Y', 'Y', 'N', 'Y', 'Y', 'N'),
('CSE316-SEC1-SPR-2020-1834433', 'CSE316-SEC1-SPR-2020', 36, 1834433, 0, 12.4, 17.6, 7, 0, 0, 0, 'B', 'Y', 'N', 'N', 'Y', 'N', 'N'),
('CSE316-SEC1-SPR-2020-1835298', 'CSE316-SEC1-SPR-2020', 36, 1835298, 0, 9.4, 22.4, 8, 0, 0, 0, 'B', 'Y', 'N', 'N', 'Y', 'N', 'N'),
('CSE316-SEC1-SPR-2020-1835874', 'CSE316-SEC1-SPR-2020', 36, 1835874, 0, 7, 23.6, 6, 0, 0, 0, 'B', 'N', 'N', 'Y', 'Y', 'N', 'Y'),
('CSE316-SEC1-SPR-2020-1842333', 'CSE316-SEC1-SPR-2020', 36, 1842333, 0, 17.6, 27.6, 7, 0, 0, 0, 'B', 'Y', 'Y', 'Y', 'Y', 'Y', 'Y'),
('CSE316-SEC1-SPR-2020-1845457', 'CSE316-SEC1-SPR-2020', 36, 1845457, 0, 21.2, 22, 9, 0, 0, 0, 'B', 'Y', 'Y', 'N', 'Y', 'Y', 'N'),
('CSE316-SEC1-SPR-2020-1849651', 'CSE316-SEC1-SPR-2020', 36, 1849651, 0, 11.8, 28, 6, 0, 0, 0, 'B', 'Y', 'Y', 'Y', 'Y', 'Y', 'Y'),
('CSE316-SEC1-SPR-2020-1855787', 'CSE316-SEC1-SPR-2020', 36, 1855787, 0, 21.2, 20.4, 7, 0, 0, 0, 'B', 'Y', 'Y', 'N', 'Y', 'Y', 'N'),
('CSE316-SEC1-SPR-2020-1863951', 'CSE316-SEC1-SPR-2020', 36, 1863951, 0, 8.8, 20.4, 3, 0, 0, 0, 'B', 'Y', 'N', 'N', 'Y', 'N', 'N'),
('CSE316-SEC1-SPR-2020-1868128', 'CSE316-SEC1-SPR-2020', 36, 1868128, 0, 15.8, 22, 5, 0, 0, 0, 'B', 'Y', 'Y', 'Y', 'Y', 'Y', 'Y'),
('CSE316-SEC1-SPR-2020-1872128', 'CSE316-SEC1-SPR-2020', 36, 1872128, 0, 19.6, 22, 3, 0, 0, 0, 'B', 'Y', 'Y', 'N', 'Y', 'Y', 'N'),
('CSE316-SEC1-SPR-2020-1873255', 'CSE316-SEC1-SPR-2020', 36, 1873255, 0, 10.8, 24.8, 6, 0, 0, 0, 'B', 'N', 'Y', 'Y', 'Y', 'Y', 'Y'),
('CSE316-SEC1-SPR-2020-1877262', 'CSE316-SEC1-SPR-2020', 36, 1877262, 0, 14, 15.2, 9, 0, 0, 0, 'B', 'Y', 'Y', 'N', 'Y', 'Y', 'N'),
('CSE316-SEC1-SPR-2020-1886577', 'CSE316-SEC1-SPR-2020', 36, 1886577, 0, 10.6, 23.2, 8, 0, 0, 0, 'B', 'Y', 'N', 'N', 'Y', 'N', 'N'),
('CSE316-SEC1-SPR-2020-1887973', 'CSE316-SEC1-SPR-2020', 36, 1887973, 0, 19, 18.4, 6, 0, 0, 0, 'B', 'Y', 'Y', 'N', 'Y', 'Y', 'N'),
('CSE316-SEC1-SPR-2020-1892367', 'CSE316-SEC1-SPR-2020', 36, 1892367, 0, 1.2, 15.2, 7, 0, 0, 0, 'B', 'N', 'N', 'N', 'N', 'N', 'N'),
('CSE316-SEC1-SPR-2020-1893863', 'CSE316-SEC1-SPR-2020', 36, 1893863, 0, 25.6, 25.2, 8, 0, 0, 0, 'B', 'Y', 'Y', 'Y', 'Y', 'Y', 'Y'),
('CSE316-SEC1-SPR-2020-1898334', 'CSE316-SEC1-SPR-2020', 36, 1898334, 0, 21.8, 24.8, 10, 0, 0, 0, 'B', 'Y', 'N', 'Y', 'Y', 'N', 'Y'),
('CSE316-SEC1-SUM-2021-1416455', 'CSE316-SEC1-SUM-2021', 38, 1416455, 0, 8.8, 26, 0, 24, 0, 0, 'B', 'N', 'Y', 'Y', 'Y', 'Y', 'N'),
('CSE316-SEC1-SUM-2021-1528882', 'CSE316-SEC1-SUM-2021', 38, 1528882, 0, 5.2, 12, 0, 6, 0, 0, 'B', 'N', 'N', 'N', 'N', 'Y', 'Y'),
('CSE316-SEC1-SUM-2021-1579288', 'CSE316-SEC1-SUM-2021', 38, 1579288, 0, 7, 18.4, 0, 23, 0, 0, 'B', 'N', 'N', 'Y', 'Y', 'N', 'Y'),
('CSE316-SEC1-SUM-2021-1612985', 'CSE316-SEC1-SUM-2021', 38, 1612985, 0, 8.4, 20, 0, 12, 0, 0, 'B+', 'N', 'Y', 'Y', 'Y', 'Y', 'N'),
('CSE316-SEC1-SUM-2021-1613273', 'CSE316-SEC1-SUM-2021', 38, 1613273, 0, 4, 15.2, 0, 12, 0, 0, 'B', 'N', 'Y', 'N', 'Y', 'N', 'Y'),
('CSE316-SEC1-SUM-2021-1616161', 'CSE316-SEC1-SUM-2021', 38, 1616161, 0, 13.8, 20, 0, 0, 0, 0, 'C-', 'Y', 'Y', 'N', 'N', 'Y', 'N'),
('CSE316-SEC1-SUM-2021-1622731', 'CSE316-SEC1-SUM-2021', 38, 1622731, 0, 0, 0, 0, 0, 0, 0, 'C', 'N', 'N', 'N', 'N', 'Y', 'Y'),
('CSE316-SEC1-SUM-2021-1623112', 'CSE316-SEC1-SUM-2021', 38, 1623112, 0, 9.8, 18, 0, 12, 0, 0, 'C', 'N', 'Y', 'N', 'Y', 'Y', 'Y'),
('CSE316-SEC1-SUM-2021-1625654', 'CSE316-SEC1-SUM-2021', 38, 1625654, 0, 8, 12.8, 0, 24, 0, 0, 'B', 'N', 'N', 'N', 'Y', 'Y', 'Y'),
('CSE316-SEC1-SUM-2021-1633554', 'CSE316-SEC1-SUM-2021', 38, 1633554, 0, 6, 0, 0, 0, 0, 0, 'B', 'N', 'Y', 'N', 'N', 'Y', 'Y'),
('CSE316-SEC1-SUM-2021-1641252', 'CSE316-SEC1-SUM-2021', 38, 1641252, 0, 24.8, 24.8, 0, 34, 0, 0, 'C+', 'Y', 'Y', 'Y', 'Y', 'N', 'N'),
('CSE316-SEC1-SUM-2021-1645333', 'CSE316-SEC1-SUM-2021', 38, 1645333, 0, 17.8, 20.4, 0, 23, 0, 0, 'B+', 'Y', 'Y', 'N', 'Y', 'Y', 'Y'),
('CSE316-SEC1-SUM-2021-1653725', 'CSE316-SEC1-SUM-2021', 38, 1653725, 0, 0, 0, 0, 0, 0, 0, 'B+', 'N', 'N', 'N', 'N', 'Y', 'Y'),
('CSE316-SEC1-SUM-2021-1662147', 'CSE316-SEC1-SUM-2021', 38, 1662147, 0, 5, 9.2, 0, 9, 0, 0, 'B', 'N', 'N', 'N', 'N', 'Y', 'N'),
('CSE316-SEC1-SUM-2021-1665555', 'CSE316-SEC1-SUM-2021', 38, 1665555, 0, 6.6, 16.8, 0, 27, 0, 0, 'C+', 'N', 'Y', 'N', 'Y', 'N', 'Y'),
('CSE316-SEC1-SUM-2021-1668314', 'CSE316-SEC1-SUM-2021', 38, 1668314, 0, 0, 24, 0, 11, 0, 0, 'C+', 'N', 'N', 'Y', 'N', 'N', 'N'),
('CSE316-SEC1-SUM-2021-1669953', 'CSE316-SEC1-SUM-2021', 38, 1669953, 0, 1, 0, 0, 0, 0, 0, 'B', 'N', 'N', 'N', 'N', 'N', 'N'),
('CSE316-SEC1-SUM-2021-1674181', 'CSE316-SEC1-SUM-2021', 38, 1674181, 0, 7.6, 14, 0, 11, 0, 0, 'C-', 'N', 'N', 'N', 'N', 'Y', 'Y'),
('CSE316-SEC1-SUM-2021-1691291', 'CSE316-SEC1-SUM-2021', 38, 1691291, 0, 5.8, 21.6, 0, 30, 0, 0, 'B-', 'N', 'N', 'N', 'Y', 'N', 'Y'),
('CSE316-SEC1-SUM-2021-1691483', 'CSE316-SEC1-SUM-2021', 38, 1691483, 0, 7, 12, 0, 6, 0, 0, 'C', 'N', 'Y', 'N', 'N', 'Y', 'Y'),
('CSE316-SEC1-SUM-2021-1695837', 'CSE316-SEC1-SUM-2021', 38, 1695837, 0, 11, 21.2, 0, 24, 0, 0, 'B', 'Y', 'N', 'Y', 'Y', 'Y', 'Y'),
('CSE316-SEC1-SUM-2021-1696326', 'CSE316-SEC1-SUM-2021', 38, 1696326, 0, 7.2, 24, 0, 12, 0, 0, 'B', 'N', 'Y', 'Y', 'Y', 'N', 'N'),
('CSE316-SEC2-AUM-2020-1614733', 'CSE316-SEC2-AUM-2020', 39, 1614733, 0, 3.4, 23.2, 0, 23, 0, 0, 'B+', 'N', 'Y', 'N', 'N', 'Y', 'N'),
('CSE316-SEC2-AUM-2020-1634352', 'CSE316-SEC2-AUM-2020', 39, 1634352, 0, 11.8, 17.2, 0, 23, 0, 0, 'B+', 'Y', 'Y', 'N', 'Y', 'Y', 'N'),
('CSE316-SEC2-AUM-2020-1646434', 'CSE316-SEC2-AUM-2020', 39, 1646434, 0, 7.2, 24, 0, 12, 0, 0, 'B', 'N', 'Y', 'Y', 'N', 'Y', 'Y'),
('CSE316-SEC2-AUM-2020-1654432', 'CSE316-SEC2-AUM-2020', 39, 1654432, 0, 9, 23.2, 0, 12, 0, 0, 'B+', 'N', 'Y', 'Y', 'N', 'Y', 'Y'),
('CSE316-SEC2-AUM-2020-1661638', 'CSE316-SEC2-AUM-2020', 39, 1661638, 0, 12, 18, 0, 12, 0, 0, 'B', 'Y', 'N', 'N', 'Y', 'N', 'N'),
('CSE316-SEC2-AUM-2020-1665491', 'CSE316-SEC2-AUM-2020', 39, 1665491, 0, 0, 18.4, 0, 10, 0, 0, 'C', 'N', 'N', 'N', 'N', 'N', 'N'),
('CSE316-SEC2-AUM-2020-1678812', 'CSE316-SEC2-AUM-2020', 39, 1678812, 0, 17.4, 18.8, 0, 25, 0, 0, 'B', 'Y', 'Y', 'Y', 'Y', 'Y', 'Y'),
('CSE316-SEC2-AUM-2020-1686272', 'CSE316-SEC2-AUM-2020', 39, 1686272, 0, 9, 18.8, 0, 20, 0, 0, 'B', 'Y', 'N', 'N', 'Y', 'N', 'N'),
('CSE316-SEC2-AUM-2020-1728125', 'CSE316-SEC2-AUM-2020', 39, 1728125, 0, 2.8, 22, 0, 27, 0, 0, 'C+', 'N', 'Y', 'N', 'N', 'Y', 'N'),
('CSE316-SEC2-AUM-2020-1729416', 'CSE316-SEC2-AUM-2020', 39, 1729416, 0, 2.8, 23.2, 0, 12, 0, 0, 'B+', 'N', 'Y', 'Y', 'N', 'Y', 'Y'),
('CSE316-SEC2-AUM-2020-1743714', 'CSE316-SEC2-AUM-2020', 39, 1743714, 0, 9.6, 0, 0, 0, 0, 0, 'F', 'N', 'N', 'N', 'N', 'N', 'N'),
('CSE316-SEC2-AUM-2020-1747457', 'CSE316-SEC2-AUM-2020', 39, 1747457, 0, 6.6, 15.6, 0, 11, 0, 0, 'C+', 'N', 'N', 'N', 'N', 'N', 'N'),
('CSE316-SEC2-AUM-2020-1759787', 'CSE316-SEC2-AUM-2020', 39, 1759787, 0, 11.4, 23.2, 0, 23, 0, 0, 'B+', 'Y', 'Y', 'N', 'Y', 'Y', 'N'),
('CSE316-SEC2-AUM-2020-1763881', 'CSE316-SEC2-AUM-2020', 39, 1763881, 0, 14.2, 18.8, 0, 19, 0, 0, 'C+', 'Y', 'Y', 'N', 'Y', 'Y', 'N'),
('CSE316-SEC2-AUM-2020-1768463', 'CSE316-SEC2-AUM-2020', 39, 1768463, 0, 12.2, 24, 0, 11, 0, 0, 'B+', 'N', 'N', 'N', 'N', 'N', 'N'),
('CSE316-SEC2-AUM-2020-1773277', 'CSE316-SEC2-AUM-2020', 39, 1773277, 0, 12.2, 19.2, 0, 25, 0, 0, 'B', 'N', 'Y', 'N', 'N', 'Y', 'N'),
('CSE316-SEC2-AUM-2020-1778274', 'CSE316-SEC2-AUM-2020', 39, 1778274, 0, 7.8, 16.8, 0, 11, 0, 0, 'C', 'N', 'Y', 'N', 'N', 'Y', 'N'),
('CSE316-SEC2-AUM-2020-1781682', 'CSE316-SEC2-AUM-2020', 39, 1781682, 0, 8.4, 0, 0, 0, 0, 0, 'F', 'N', 'N', 'N', 'N', 'N', 'N'),
('CSE316-SEC2-AUM-2020-1783512', 'CSE316-SEC2-AUM-2020', 39, 1783512, 0, 14.6, 18.4, 0, 11, 0, 0, 'B', 'N', 'N', 'N', 'N', 'N', 'N'),
('CSE316-SEC2-AUM-2020-1795656', 'CSE316-SEC2-AUM-2020', 39, 1795656, 0, 9.2, 18, 0, 27, 0, 0, 'B', 'N', 'Y', 'Y', 'N', 'Y', 'Y'),
('CSE316-SEC2-AUM-2020-1797625', 'CSE316-SEC2-AUM-2020', 39, 1797625, 0, 11.4, 22.4, 0, 11, 0, 0, 'B', 'N', 'N', 'N', 'N', 'N', 'N'),
('CSE316-SEC2-SUM-2021-1712983', 'CSE316-SEC2-SUM-2021', 37, 1712983, 0, 11.6, 23.6, 7, 0, 0, 0, 'B', 'Y', 'N', 'Y', 'Y', 'N', 'Y'),
('CSE316-SEC2-SUM-2021-1715578', 'CSE316-SEC2-SUM-2021', 37, 1715578, 0, 16.8, 22, 5, 0, 0, 0, 'B', 'Y', 'Y', 'N', 'N', 'Y', 'N'),
('CSE316-SEC2-SUM-2021-1718437', 'CSE316-SEC2-SUM-2021', 37, 1718437, 0, 14.6, 26.8, 8, 0, 0, 0, 'B+', 'Y', 'N', 'Y', 'Y', 'N', 'Y'),
('CSE316-SEC2-SUM-2021-1728139', 'CSE316-SEC2-SUM-2021', 37, 1728139, 0, 4.6, 14.4, 5, 0, 0, 0, 'B', 'N', 'N', 'N', 'N', 'N', 'N'),
('CSE316-SEC2-SUM-2021-1728439', 'CSE316-SEC2-SUM-2021', 37, 1728439, 0, 19.6, 26.8, 8, 0, 0, 0, 'B', 'Y', 'N', 'Y', 'N', 'N', 'Y'),
('CSE316-SEC2-SUM-2021-1731817', 'CSE316-SEC2-SUM-2021', 37, 1731817, 0, 16.4, 20.8, 5, 0, 0, 0, 'B', 'Y', 'Y', 'N', 'N', 'Y', 'N'),
('CSE316-SEC2-SUM-2021-1731852', 'CSE316-SEC2-SUM-2021', 37, 1731852, 0, 7, 22.4, 9, 0, 0, 0, 'B+', 'N', 'Y', 'N', 'N', 'Y', 'N'),
('CSE316-SEC2-SUM-2021-1736425', 'CSE316-SEC2-SUM-2021', 37, 1736425, 0, 17, 24.4, 9, 0, 0, 0, 'B', 'Y', 'N', 'Y', 'Y', 'N', 'Y'),
('CSE316-SEC2-SUM-2021-1737824', 'CSE316-SEC2-SUM-2021', 37, 1737824, 0, 21, 27.2, 7, 0, 0, 0, 'B', 'Y', 'N', 'Y', 'Y', 'N', 'Y'),
('CSE316-SEC2-SUM-2021-1742892', 'CSE316-SEC2-SUM-2021', 37, 1742892, 0, 21.4, 22.8, 7, 0, 0, 0, 'B', 'Y', 'Y', 'N', 'Y', 'Y', 'N'),
('CSE316-SEC2-SUM-2021-1745484', 'CSE316-SEC2-SUM-2021', 37, 1745484, 0, 10.6, 27.6, 5, 0, 0, 0, 'B+', 'Y', 'Y', 'Y', 'Y', 'Y', 'Y'),
('CSE316-SEC2-SUM-2021-1752538', 'CSE316-SEC2-SUM-2021', 37, 1752538, 0, 24.2, 18.8, 8, 0, 0, 0, 'B', 'Y', 'Y', 'N', 'Y', 'Y', 'N'),
('CSE316-SEC2-SUM-2021-1754681', 'CSE316-SEC2-SUM-2021', 37, 1754681, 0, 13, 21.6, 7, 0, 0, 0, 'B+', 'Y', 'N', 'N', 'N', 'N', 'N'),
('CSE316-SEC2-SUM-2021-1766156', 'CSE316-SEC2-SUM-2021', 37, 1766156, 0, 4, 0, 4, 0, 0, 0, 'B+', 'N', 'N', 'N', 'N', 'N', 'N'),
('CSE316-SEC2-SUM-2021-1766176', 'CSE316-SEC2-SUM-2021', 37, 1766176, 0, 7.4, 24, 7, 0, 0, 0, 'B', 'N', 'N', 'Y', 'N', 'N', 'Y'),
('CSE316-SEC2-SUM-2021-1769463', 'CSE316-SEC2-SUM-2021', 37, 1769463, 0, 6.6, 22.4, 5, 0, 0, 0, 'B', 'N', 'N', 'N', 'Y', 'N', 'N'),
('CSE316-SEC2-SUM-2021-1772947', 'CSE316-SEC2-SUM-2021', 37, 1772947, 0, 14.4, 14.4, 8, 0, 0, 0, 'B', 'Y', 'Y', 'N', 'N', 'Y', 'N'),
('CSE316-SEC2-SUM-2021-1784847', 'CSE316-SEC2-SUM-2021', 37, 1784847, 0, 18.4, 24.8, 9, 0, 0, 0, 'B', 'Y', 'Y', 'Y', 'Y', 'Y', 'Y'),
('CSE316-SEC2-SUM-2021-1788337', 'CSE316-SEC2-SUM-2021', 37, 1788337, 0, 2, 4.8, 4, 0, 0, 0, 'B+', 'N', 'N', 'N', 'Y', 'N', 'N'),
('CSE316-SEC2-SUM-2021-1791753', 'CSE316-SEC2-SUM-2021', 37, 1791753, 0, 3.8, 0, 9, 0, 0, 0, 'B', 'N', 'N', 'N', 'N', 'N', 'N'),
('CSE316-SEC2-SUM-2021-1797789', 'CSE316-SEC2-SUM-2021', 37, 1797789, 0, 17.4, 17.2, 6, 0, 0, 0, 'B+', 'Y', 'Y', 'N', 'Y', 'Y', 'N'),
('CSE316-SEC2-SUM-2021-1798883', 'CSE316-SEC2-SUM-2021', 37, 1798883, 0, 20.4, 21.6, 5, 0, 0, 0, 'B', 'Y', 'Y', 'Y', 'Y', 'Y', 'Y');

--
-- Triggers `grade_sheet`
--
DELIMITER $$
CREATE TRIGGER `insert_trigger1` BEFORE INSERT ON `grade_sheet` FOR EACH ROW SET new.cssyID = CONCAT(new.section_name,'-', new.id)
$$
DELIMITER ;
DELIMITER $$
CREATE TRIGGER `update_trigger1` BEFORE UPDATE ON `grade_sheet` FOR EACH ROW SET new.cssyID = CONCAT(new.section_name,'-', new.id)
$$
DELIMITER ;

-- --------------------------------------------------------

--
-- Table structure for table `plo_table`
--

CREATE TABLE `plo_table` (
  `serial_id` int(11) NOT NULL,
  `section_name` varchar(50) NOT NULL,
  `plo1` varchar(50) DEFAULT NULL,
  `plo2` varchar(50) DEFAULT NULL,
  `plo3` varchar(50) DEFAULT NULL,
  `plo4` varchar(50) DEFAULT NULL,
  `plo5` varchar(50) DEFAULT NULL,
  `plo6` varchar(50) DEFAULT NULL,
  `plo7` varchar(50) DEFAULT NULL,
  `plo8` varchar(50) DEFAULT NULL,
  `plo9` varchar(50) DEFAULT NULL,
  `plo10` varchar(50) DEFAULT NULL,
  `plo11` varchar(50) DEFAULT NULL,
  `plo12` varchar(50) DEFAULT NULL,
  `plo13` varchar(50) DEFAULT NULL
) ENGINE=InnoDB DEFAULT CHARSET=utf8mb4;

--
-- Dumping data for table `plo_table`
--

INSERT INTO `plo_table` (`serial_id`, `section_name`, `plo1`, `plo2`, `plo3`, `plo4`, `plo5`, `plo6`, `plo7`, `plo8`, `plo9`, `plo10`, `plo11`, `plo12`, `plo13`) VALUES
(32, 'CSE101-SEC1-SPR-2020', 'CLO1', 'CLO2', 'CLO3', 'CLO4', NULL, NULL, NULL, NULL, NULL, NULL, NULL, NULL, NULL),
(33, 'CSE101-SEC2-AUM-2020', NULL, 'CLO1', 'CLO2', 'CLO3', 'CLO4', NULL, NULL, NULL, NULL, NULL, NULL, NULL, NULL),
(34, 'CSE101-SEC1-SUM-2021', 'CLO1', 'CLO2', 'CLO3', 'CLO4', NULL, NULL, NULL, NULL, NULL, NULL, NULL, NULL, NULL),
(35, 'CSE101-SEC2-SUM-2021', 'CLO1', 'CLO2', 'CLO3', 'CLO4', NULL, NULL, NULL, NULL, NULL, NULL, NULL, NULL, NULL),
(36, 'CSE316-SEC1-SPR-2020', NULL, NULL, NULL, 'CLO1', 'CLO2', 'CLO3', 'CLO4', 'CLO5', 'CLO6', NULL, NULL, NULL, NULL),
(37, 'CSE316-SEC2-SUM-2021', NULL, NULL, 'CLO1', 'CLO2', 'CLO3', 'CLO4', 'CLO5', 'CLO6', NULL, NULL, NULL, NULL, NULL),
(38, 'CSE316-SEC1-SUM-2021', NULL, NULL, 'CLO1', 'CLO2', 'CLO3', 'CLO4', 'CLO5', 'CLO6', NULL, NULL, NULL, NULL, NULL),
(39, 'CSE316-SEC2-AUM-2020', NULL, NULL, NULL, NULL, 'CLO1', 'CLO2', 'CLO3', 'CLO4', 'CLO5', 'CLO6', NULL, NULL, NULL),
(40, 'CSE214-SEC1-SPR-2020', NULL, 'CLO1', 'CLO2', 'CLO3', 'CLO4', 'CLO5', 'CLO6', NULL, NULL, NULL, NULL, NULL, NULL),
(41, 'CSE214-SEC1-SUM-2021', NULL, NULL, 'CLO1', 'CLO2', 'CLO3', 'CLO4', 'CLO5', 'CLO6', NULL, NULL, NULL, NULL, NULL),
(42, 'CSE214-SEC2-SUM-2021', NULL, NULL, 'CLO1', 'CLO2', 'CLO3', 'CLO4', 'CLO5', 'CLO6', NULL, NULL, NULL, NULL, NULL),
(43, 'CSE214-SEC2-AUM-2020', NULL, 'CLO1', 'CLO2', 'CLO3', 'CLO4', 'CLO5', 'CLO6', NULL, NULL, NULL, NULL, NULL, NULL),
(44, 'CSE303-SEC1-AUM-2020', NULL, NULL, NULL, NULL, NULL, NULL, NULL, 'CLO1', 'CLO2', 'CLO3', 'CLO4', 'CLO5', 'CLO6'),
(45, 'CSE303-SEC1-SUM-2021', NULL, NULL, NULL, NULL, NULL, NULL, NULL, 'CLO1', 'CLO2', 'CLO3', 'CLO4', 'CLO5', 'CLO6'),
(46, 'CSE303-SEC2-SPR-2020', NULL, NULL, NULL, NULL, NULL, NULL, NULL, 'CLO1', 'CLO2', 'CLO3', 'CLO4', 'CLO5', 'CLO6'),
(47, 'CSE303-SEC2-SUM-2021', NULL, NULL, NULL, NULL, NULL, NULL, NULL, 'CLO1', 'CLO2', 'CLO3', 'CLO4', 'CLO5', 'CLO6');

-- --------------------------------------------------------

--
-- Table structure for table `program`
--

CREATE TABLE `program` (
  `program_id` varchar(4) NOT NULL,
  `program_name` varchar(50) NOT NULL,
  `dept_id` int(7) NOT NULL
) ENGINE=InnoDB DEFAULT CHARSET=utf8mb4;

--
-- Dumping data for table `program`
--

INSERT INTO `program` (`program_id`, `program_name`, `dept_id`) VALUES
('CSC', 'Computer Science', 2850),
('CSE', 'Computer Science and Engineering', 2850);

-- --------------------------------------------------------

--
-- Table structure for table `section`
--

CREATE TABLE `section` (
  `section_name` varchar(50) NOT NULL,
  `faculty_id` int(11) NOT NULL,
  `course_ID` varchar(10) NOT NULL,
  `course_name` varchar(50) DEFAULT NULL,
  `section` varchar(7) NOT NULL,
  `semester` varchar(3) NOT NULL,
  `year` int(4) NOT NULL,
  `course_outline` longblob DEFAULT NULL
) ENGINE=InnoDB DEFAULT CHARSET=utf8mb4;

--
-- Dumping data for table `section`
--

INSERT INTO `section` (`section_name`, `faculty_id`, `course_ID`, `course_name`, `section`, `semester`, `year`, `course_outline`) VALUES
('CSE101-SEC1-SPR-2020', 4315, 'CSE101', 'Introduction to c++', 'SEC1', 'SPR', 2020, ''),
('CSE101-SEC1-SUM-2021', 4315, 'CSE101', 'Introduction to c++', 'SEC1', 'SUM', 2021, ''),
('CSE101-SEC2-AUM-2020', 4315, 'CSE101', 'Introduction to c++', 'SEC2', 'AUM', 2020, ''),
('CSE101-SEC2-SUM-2021', 4315, 'CSE101', 'Introduction to c++', 'SEC2', 'SUM', 2021, ''),
('CSE214-SEC1-SPR-2020', 4255, 'CSE214', 'Computer Organization and Architecture', 'SEC1', 'SPR', 2020, ''),
('CSE214-SEC1-SUM-2021', 4255, 'CSE214', 'Computer Organization and Architecture', 'SEC1', 'SUM', 2021, ''),
('CSE214-SEC2-AUM-2020', 4255, 'CSE214', 'Computer Organization and Architecture', 'SEC2', 'AUM', 2020, ''),
('CSE214-SEC2-SUM-2021', 4255, 'CSE214', 'Computer Organization and Architecture', 'SEC2', 'SUM', 2021, ''),
('CSE303-SEC1-AUM-2020', 4258, 'CSE303', 'Database Management', 'SEC1', 'AUM', 2020, ''),
('CSE303-SEC1-SUM-2021', 4258, 'CSE303', 'Database Management', 'SEC1', 'SUM', 2021, ''),
('CSE303-SEC2-SPR-2020', 4258, 'CSE303', 'Database Management', 'SEC2', 'SPR', 2020, ''),
('CSE303-SEC2-SUM-2021', 4258, 'CSE303', 'Database Management', 'SEC2', 'SUM', 2021, ''),
('CSE316-SEC1-SPR-2020', 4256, 'CSE316', 'Data Communication and Computer Networks', 'SEC1', 'SPR', 2020, ''),
('CSE316-SEC1-SUM-2021', 4256, 'CSE316', 'Data Communication and Computer Networks', 'SEC1', 'SUM', 2021, ''),
('CSE316-SEC2-AUM-2020', 4256, 'CSE316', 'Data Communication and Computer Networks', 'SEC2', 'AUM', 2020, ''),
('CSE316-SEC2-SUM-2021', 4256, 'CSE316', 'Data Communication and Computer Networks', 'SEC2', 'SUM', 2021, '');

--
-- Triggers `section`
--
DELIMITER $$
CREATE TRIGGER `insert_trigger` BEFORE INSERT ON `section` FOR EACH ROW SET new.section_name = CONCAT(new.course_ID,'-', new.section ,'-', new.semester,'-', new.year )
$$
DELIMITER ;
DELIMITER $$
CREATE TRIGGER `update_trigger` BEFORE UPDATE ON `section` FOR EACH ROW SET new.section_name = CONCAT(new.course_ID,'-', new.section ,'-', new.semester,'-', new.year )
$$
DELIMITER ;

-- --------------------------------------------------------

--
-- Table structure for table `sign_in`
--

CREATE TABLE `sign_in` (
  `id` int(10) NOT NULL,
  `password` varchar(25) NOT NULL
) ENGINE=InnoDB DEFAULT CHARSET=utf8mb4;

--
-- Dumping data for table `sign_in`
--

INSERT INTO `sign_in` (`id`, `password`) VALUES
(4315, '19850305'),
(1711118, '19960912');

-- --------------------------------------------------------

--
-- Table structure for table `student`
--

CREATE TABLE `student` (
  `id` int(11) NOT NULL,
  `password` varchar(20) NOT NULL,
  `student_name` varchar(20) NOT NULL,
  `email` varchar(30) NOT NULL
) ENGINE=InnoDB DEFAULT CHARSET=utf8mb4;

--
-- Dumping data for table `student`
--

INSERT INTO `student` (`id`, `password`, `student_name`, `email`) VALUES
(1710450, '19970513', 'Morsalin Amin', '1710450@iub.edu.bd'),
(1711118, '19960912', 'Arman Hossain', '1711118@iub.edu.bd'),
(1711126, '19982403', 'Faiyaz Mahmood', '1711126@iub.edu.bd'),
(1711322, '19970512', 'Mehedi Hasan', '1711322@iub.edu.bd'),
(1820223, '19970110', 'Muzayed Imam', '1820223@iub.edu.bd');

--
-- Indexes for dumped tables
--

--
-- Indexes for table `assessment`
--
ALTER TABLE `assessment`
  ADD PRIMARY KEY (`assessment_id`);

--
-- Indexes for table `course`
--
ALTER TABLE `course`
  ADD PRIMARY KEY (`course_id`);

--
-- Indexes for table `dept`
--
ALTER TABLE `dept`
  ADD PRIMARY KEY (`dept_head_id`);

--
-- Indexes for table `faculty`
--
ALTER TABLE `faculty`
  ADD PRIMARY KEY (`id`);

--
-- Indexes for table `grade_sheet`
--
ALTER TABLE `grade_sheet`
  ADD PRIMARY KEY (`cssyID`);

--
-- Indexes for table `plo_table`
--
ALTER TABLE `plo_table`
  ADD PRIMARY KEY (`serial_id`);

--
-- Indexes for table `program`
--
ALTER TABLE `program`
  ADD PRIMARY KEY (`program_id`);

--
-- Indexes for table `section`
--
ALTER TABLE `section`
  ADD PRIMARY KEY (`section_name`);

--
-- Indexes for table `sign_in`
--
ALTER TABLE `sign_in`
  ADD PRIMARY KEY (`id`);

--
-- Indexes for table `student`
--
ALTER TABLE `student`
  ADD PRIMARY KEY (`id`);

--
-- AUTO_INCREMENT for dumped tables
--

--
-- AUTO_INCREMENT for table `assessment`
--
ALTER TABLE `assessment`
  MODIFY `assessment_id` int(11) NOT NULL AUTO_INCREMENT, AUTO_INCREMENT=9;

--
-- AUTO_INCREMENT for table `plo_table`
--
ALTER TABLE `plo_table`
  MODIFY `serial_id` int(11) NOT NULL AUTO_INCREMENT, AUTO_INCREMENT=48;
COMMIT;

/*!40101 SET CHARACTER_SET_CLIENT=@OLD_CHARACTER_SET_CLIENT */;
/*!40101 SET CHARACTER_SET_RESULTS=@OLD_CHARACTER_SET_RESULTS */;
/*!40101 SET COLLATION_CONNECTION=@OLD_COLLATION_CONNECTION */;
